[{"model": "auth.user", "pk": 1, "fields": {"password": "pbkdf2_sha256$180000$m4uuruofCsXh$ZEGXL+/Z+uILNVCN0FdqhDvO4g28qw5/Ok64B7Rr1Ck=", "last_login": "2020-07-12T11:43:43.760Z", "is_superuser": true, "username": "admin", "first_name": "", "last_name": "", "email": "admin@admin.ru", "is_staff": true, "is_active": true, "date_joined": "2020-02-16T12:18:19.330Z", "groups": [], "user_permissions": []}}, {"model": "auth.user", "pk": 2, "fields": {"password": "", "last_login": null, "is_superuser": false, "username": "21312", "first_name": "name", "last_name": "", "email": "", "is_staff": false, "is_active": true, "date_joined": "2020-03-12T11:41:24.234Z", "groups": [], "user_permissions": []}}, {"model": "auth.user", "pk": 3, "fields": {"password": "", "last_login": null, "is_superuser": false, "username": "324342", "first_name": "alex", "last_name": "", "email": "", "is_staff": false, "is_active": true, "date_joined": "2020-03-12T12:04:20.537Z", "groups": [], "user_permissions": []}}, {"model": "auth.user", "pk": 4, "fields": {"password": "", "last_login": null, "is_superuser": false, "username": "12312", "first_name": "sdfdsf", "last_name": "", "email": "", "is_staff": false, "is_active": true, "date_joined": "2020-03-12T12:05:11.062Z", "groups": [], "user_permissions": []}}, {"model": "auth.user", "pk": 5, "fields": {"password": "", "last_login": null, "is_superuser": false, "username": "2131234", "first_name": "asda", "last_name": "", "email": "", "is_staff": false, "is_active": true, "date_joined": "2020-03-12T12:05:37.887Z", "groups": [], "user_permissions": []}}, {"model": "auth.user", "pk": 6, "fields": {"password": "", "last_login": null, "is_superuser": false, "username": "sdfsfd", "first_name": "asdas", "last_name": "", "email": "", "is_staff": false, "is_active": true, "date_joined": "2020-03-12T12:47:46.959Z", "groups": [], "user_permissions": []}}, {"model": "auth.user", "pk": 7, "fields": {"password": "", "last_login": null, "is_superuser": false, "username": "234234", "first_name": "dimas", "last_name": "", "email": "", "is_staff": false, "is_active": true, "date_joined": "2020-03-12T14:53:41.658Z", "groups": [], "user_permissions": []}}, {"model": "auth.user", "pk": 8, "fields": {"password": "", "last_login": null, "is_superuser": false, "username": "340958034985", "first_name": "kalmyk", "last_name": "", "email": "", "is_staff": false, "is_active": true, "date_joined": "2020-03-12T20:47:03.724Z", "groups": [], "user_permissions": []}}, {"model": "auth.user", "pk": 9, "fields": {"password": "", "last_login": null, "is_superuser": false, "username": "\u0434\u0436", "first_name": "\u0434\u0436", "last_name": "", "email": "", "is_staff": false, "is_active": true, "date_joined": "2020-06-18T07:12:40.774Z", "groups": [], "user_permissions": []}}, {"model": "auth.user", "pk": 10, "fields": {"password": "pbkdf2_sha256$180000$FIIlnnDOwR6M$09IsZxVu8pNogh3P5tsLOyl3zYZB+sOPt9WMxaD+k9A=", "last_login": "2020-06-21T09:32:59.673Z", "is_superuser": false, "username": "evseev_alexey", "first_name": "", "last_name": "", "email": "evseev_alexey94@bk.ru", "is_staff": false, "is_active": true, "date_joined": "2020-06-18T11:18:06.052Z", "groups": [], "user_permissions": []}}, {"model": "auth.user", "pk": 11, "fields": {"password": "pbkdf2_sha256$180000$xMEiIJJUHbSC$QsSI4G1AhCAunB88NKJF8dMzB33mtUtPEAFWlYHkM1o=", "last_login": "2020-06-21T09:31:17.185Z", "is_superuser": false, "username": "Alexey", "first_name": "", "last_name": "", "email": "ale@ale.ru", "is_staff": false, "is_active": true, "date_joined": "2020-06-18T11:19:55.019Z", "groups": [], "user_permissions": []}}, {"model": "auth.user", "pk": 12, "fields": {"password": "pbkdf2_sha256$180000$mLQeUwSuZUEn$BxILt4+ABLoiGz9uBYyt7dRoa6wJvP5fCbQ/aFp39II=", "last_login": null, "is_superuser": false, "username": "Alex", "first_name": "", "last_name": "", "email": "alex@alex.ru", "is_staff": false, "is_active": true, "date_joined": "2020-06-18T11:50:35.790Z", "groups": [], "user_permissions": []}}, {"model": "auth.user", "pk": 13, "fields": {"password": "pbkdf2_sha256$180000$PQZEIshG2tms$XI6rq7EAmyF/P+n1EdRQZPFyFmSkjoe9qaAZQGPpJxE=", "last_login": "2020-06-21T09:37:59.952Z", "is_superuser": false, "username": "ealexey-94", "first_name": "", "last_name": "", "email": "ale@ale21.ru", "is_staff": false, "is_active": true, "date_joined": "2020-06-21T09:37:47.522Z", "groups": [], "user_permissions": []}}, {"model": "auth.user", "pk": 14, "fields": {"password": "pbkdf2_sha256$180000$KWJGnvItxygK$wq5sNtF7Y80xmGNUu8LcmoKJ74wZPwBqPSAD3Xz3kwo=", "last_login": "2020-07-03T16:00:22.394Z", "is_superuser": false, "username": "evseevalexey1994", "first_name": "Alexey", "last_name": "", "email": "evseevalexey1994@gmail.com", "is_staff": false, "is_active": true, "date_joined": "2020-07-03T13:08:15.460Z", "groups": [], "user_permissions": []}}, {"model": "auth.user", "pk": 15, "fields": {"password": "", "last_login": null, "is_superuser": false, "username": "8(919) 082-46-96", "first_name": "\u0410\u043b\u0435\u043a\u0441\u0435\u0439", "last_name": "", "email": "", "is_staff": false, "is_active": true, "date_joined": "2020-07-12T15:48:03.406Z", "groups": [], "user_permissions": []}}, {"model": "auth.user", "pk": 16, "fields": {"password": "", "last_login": null, "is_superuser": false, "username": "+7 915 782 31 31", "first_name": "\u0410\u043b\u0435\u043a\u0441\u0435\u0439", "last_name": "", "email": "", "is_staff": false, "is_active": true, "date_joined": "2020-07-12T15:58:41.421Z", "groups": [], "user_permissions": []}}, {"model": "auth.user", "pk": 17, "fields": {"password": "", "last_login": null, "is_superuser": false, "username": "891567435", "first_name": "\u0432\u044f\u0430\u044b\u0432\u0430", "last_name": "", "email": "", "is_staff": false, "is_active": true, "date_joined": "2020-07-13T13:44:01.883Z", "groups": [], "user_permissions": []}}, {"model": "sessions.session", "pk": "1w6qwig83ifkcwhlybgcvnhpnxsirj4j", "fields": {"session_data": "Njg2YzQzZTBhNDM2YWZlMzU3OGUwMzEyNTc0MTAyZjdmOTU3YTUwZTp7Il9hdXRoX3VzZXJfaWQiOiIxIiwiX2F1dGhfdXNlcl9iYWNrZW5kIjoiZGphbmdvLmNvbnRyaWIuYXV0aC5iYWNrZW5kcy5Nb2RlbEJhY2tlbmQiLCJfYXV0aF91c2VyX2hhc2giOiIxZWUwZTZjNGYyMGNiMjA5ZDU4NzYwYmJmNDFkNjc2MTI3NTA3MjEwIn0=", "expire_date": "2020-07-16T10:09:21.350Z"}}, {"model": "sessions.session", "pk": "38vj835jetne197fhl6xizd6fgisdiwu", "fields": {"session_data": "Njg2YzQzZTBhNDM2YWZlMzU3OGUwMzEyNTc0MTAyZjdmOTU3YTUwZTp7Il9hdXRoX3VzZXJfaWQiOiIxIiwiX2F1dGhfdXNlcl9iYWNrZW5kIjoiZGphbmdvLmNvbnRyaWIuYXV0aC5iYWNrZW5kcy5Nb2RlbEJhY2tlbmQiLCJfYXV0aF91c2VyX2hhc2giOiIxZWUwZTZjNGYyMGNiMjA5ZDU4NzYwYmJmNDFkNjc2MTI3NTA3MjEwIn0=", "expire_date": "2020-07-17T06:25:58.989Z"}}, {"model": "sessions.session", "pk": "41gyi80apajvv97rdvuyuw0dd2hw5vls", "fields": {"session_data": "NTAyZTE3ZTY4YWYxNTI5ZjJjMTdiMTdhNDBmOTVjNjNhZGEwMjE0NTp7fQ==", "expire_date": "2020-03-26T14:50:08.702Z"}}, {"model": "sessions.session", "pk": "4ievvh5k2s2pq2isi009fxm2q45unaz8", "fields": {"session_data": "NTAyZTE3ZTY4YWYxNTI5ZjJjMTdiMTdhNDBmOTVjNjNhZGEwMjE0NTp7fQ==", "expire_date": "2020-03-24T13:21:51.410Z"}}, {"model": "sessions.session", "pk": "5lsnjbhs0d4hct1lwpdc3nlwkirjvvq2", "fields": {"session_data": "Njg2YzQzZTBhNDM2YWZlMzU3OGUwMzEyNTc0MTAyZjdmOTU3YTUwZTp7Il9hdXRoX3VzZXJfaWQiOiIxIiwiX2F1dGhfdXNlcl9iYWNrZW5kIjoiZGphbmdvLmNvbnRyaWIuYXV0aC5iYWNrZW5kcy5Nb2RlbEJhY2tlbmQiLCJfYXV0aF91c2VyX2hhc2giOiIxZWUwZTZjNGYyMGNiMjA5ZDU4NzYwYmJmNDFkNjc2MTI3NTA3MjEwIn0=", "expire_date": "2020-03-21T10:17:05.207Z"}}, {"model": "sessions.session", "pk": "5plff47yui8criy01qb5kjnn6rftbpq4", "fields": {"session_data": "NTAyZTE3ZTY4YWYxNTI5ZjJjMTdiMTdhNDBmOTVjNjNhZGEwMjE0NTp7fQ==", "expire_date": "2020-03-26T09:49:10.506Z"}}, {"model": "sessions.session", "pk": "6ai311csrj2mq29musm41mu1xrx8gjmz", "fields": {"session_data": "Njg2YzQzZTBhNDM2YWZlMzU3OGUwMzEyNTc0MTAyZjdmOTU3YTUwZTp7Il9hdXRoX3VzZXJfaWQiOiIxIiwiX2F1dGhfdXNlcl9iYWNrZW5kIjoiZGphbmdvLmNvbnRyaWIuYXV0aC5iYWNrZW5kcy5Nb2RlbEJhY2tlbmQiLCJfYXV0aF91c2VyX2hhc2giOiIxZWUwZTZjNGYyMGNiMjA5ZDU4NzYwYmJmNDFkNjc2MTI3NTA3MjEwIn0=", "expire_date": "2020-07-19T08:54:16.185Z"}}, {"model": "sessions.session", "pk": "6riz2nwum5axvpanutayf6u8k06jwhy4", "fields": {"session_data": "NTAyZTE3ZTY4YWYxNTI5ZjJjMTdiMTdhNDBmOTVjNjNhZGEwMjE0NTp7fQ==", "expire_date": "2020-07-16T10:11:50.291Z"}}, {"model": "sessions.session", "pk": "6zzgxkoplpkszuu0s1d83ji5jf29gq43", "fields": {"session_data": "NTAyZTE3ZTY4YWYxNTI5ZjJjMTdiMTdhNDBmOTVjNjNhZGEwMjE0NTp7fQ==", "expire_date": "2020-03-24T17:26:07.304Z"}}, {"model": "sessions.session", "pk": "75p1bmfindynnqmts3psqx6t8kj55ca5", "fields": {"session_data": "NTAyZTE3ZTY4YWYxNTI5ZjJjMTdiMTdhNDBmOTVjNjNhZGEwMjE0NTp7fQ==", "expire_date": "2020-07-25T10:56:29.842Z"}}, {"model": "sessions.session", "pk": "9aarbia3omc8hujod12kwraa82qefvrw", "fields": {"session_data": "Njg2YzQzZTBhNDM2YWZlMzU3OGUwMzEyNTc0MTAyZjdmOTU3YTUwZTp7Il9hdXRoX3VzZXJfaWQiOiIxIiwiX2F1dGhfdXNlcl9iYWNrZW5kIjoiZGphbmdvLmNvbnRyaWIuYXV0aC5iYWNrZW5kcy5Nb2RlbEJhY2tlbmQiLCJfYXV0aF91c2VyX2hhc2giOiIxZWUwZTZjNGYyMGNiMjA5ZDU4NzYwYmJmNDFkNjc2MTI3NTA3MjEwIn0=", "expire_date": "2020-03-08T16:41:49.502Z"}}, {"model": "sessions.session", "pk": "ague0ol71occv9j3dcuomswy1hlfrxz3", "fields": {"session_data": "Njg2YzQzZTBhNDM2YWZlMzU3OGUwMzEyNTc0MTAyZjdmOTU3YTUwZTp7Il9hdXRoX3VzZXJfaWQiOiIxIiwiX2F1dGhfdXNlcl9iYWNrZW5kIjoiZGphbmdvLmNvbnRyaWIuYXV0aC5iYWNrZW5kcy5Nb2RlbEJhY2tlbmQiLCJfYXV0aF91c2VyX2hhc2giOiIxZWUwZTZjNGYyMGNiMjA5ZDU4NzYwYmJmNDFkNjc2MTI3NTA3MjEwIn0=", "expire_date": "2020-07-17T06:30:15.415Z"}}, {"model": "sessions.session", "pk": "azij2x3151hudvjansd2un62y9gt9kn3", "fields": {"session_data": "Njg2YzQzZTBhNDM2YWZlMzU3OGUwMzEyNTc0MTAyZjdmOTU3YTUwZTp7Il9hdXRoX3VzZXJfaWQiOiIxIiwiX2F1dGhfdXNlcl9iYWNrZW5kIjoiZGphbmdvLmNvbnRyaWIuYXV0aC5iYWNrZW5kcy5Nb2RlbEJhY2tlbmQiLCJfYXV0aF91c2VyX2hhc2giOiIxZWUwZTZjNGYyMGNiMjA5ZDU4NzYwYmJmNDFkNjc2MTI3NTA3MjEwIn0=", "expire_date": "2020-03-11T13:28:23.981Z"}}, {"model": "sessions.session", "pk": "bo3az8ko585emsps9vs20xksulfq50uw", "fields": {"session_data": "Njg2YzQzZTBhNDM2YWZlMzU3OGUwMzEyNTc0MTAyZjdmOTU3YTUwZTp7Il9hdXRoX3VzZXJfaWQiOiIxIiwiX2F1dGhfdXNlcl9iYWNrZW5kIjoiZGphbmdvLmNvbnRyaWIuYXV0aC5iYWNrZW5kcy5Nb2RlbEJhY2tlbmQiLCJfYXV0aF91c2VyX2hhc2giOiIxZWUwZTZjNGYyMGNiMjA5ZDU4NzYwYmJmNDFkNjc2MTI3NTA3MjEwIn0=", "expire_date": "2020-07-17T06:42:22.466Z"}}, {"model": "sessions.session", "pk": "fk7ouejqgbw05uvlu6ygt9nd1veoz88e", "fields": {"session_data": "Njg2YzQzZTBhNDM2YWZlMzU3OGUwMzEyNTc0MTAyZjdmOTU3YTUwZTp7Il9hdXRoX3VzZXJfaWQiOiIxIiwiX2F1dGhfdXNlcl9iYWNrZW5kIjoiZGphbmdvLmNvbnRyaWIuYXV0aC5iYWNrZW5kcy5Nb2RlbEJhY2tlbmQiLCJfYXV0aF91c2VyX2hhc2giOiIxZWUwZTZjNGYyMGNiMjA5ZDU4NzYwYmJmNDFkNjc2MTI3NTA3MjEwIn0=", "expire_date": "2020-03-01T12:18:40.392Z"}}, {"model": "sessions.session", "pk": "fqfqhw76oc4ypgqo2toz58gfhbv5yfcm", "fields": {"session_data": "NTAyZTE3ZTY4YWYxNTI5ZjJjMTdiMTdhNDBmOTVjNjNhZGEwMjE0NTp7fQ==", "expire_date": "2020-06-28T14:42:16.575Z"}}, {"model": "sessions.session", "pk": "ftd3lmkl7s1bxim43m43k5w84ey58dwi", "fields": {"session_data": "NTAyZTE3ZTY4YWYxNTI5ZjJjMTdiMTdhNDBmOTVjNjNhZGEwMjE0NTp7fQ==", "expire_date": "2020-03-26T10:14:27.121Z"}}, {"model": "sessions.session", "pk": "g6nvucjhstq0c2n9sqhyaneg060pcupx", "fields": {"session_data": "NTAyZTE3ZTY4YWYxNTI5ZjJjMTdiMTdhNDBmOTVjNjNhZGEwMjE0NTp7fQ==", "expire_date": "2020-07-25T10:56:29.772Z"}}, {"model": "sessions.session", "pk": "h5inascm6ibwiakceqlzytqnyoa15xfn", "fields": {"session_data": "NTAyZTE3ZTY4YWYxNTI5ZjJjMTdiMTdhNDBmOTVjNjNhZGEwMjE0NTp7fQ==", "expire_date": "2020-03-25T16:11:14.057Z"}}, {"model": "sessions.session", "pk": "h8h4fa8sx3qom97z519ud73dfko04mff", "fields": {"session_data": "Njg2YzQzZTBhNDM2YWZlMzU3OGUwMzEyNTc0MTAyZjdmOTU3YTUwZTp7Il9hdXRoX3VzZXJfaWQiOiIxIiwiX2F1dGhfdXNlcl9iYWNrZW5kIjoiZGphbmdvLmNvbnRyaWIuYXV0aC5iYWNrZW5kcy5Nb2RlbEJhY2tlbmQiLCJfYXV0aF91c2VyX2hhc2giOiIxZWUwZTZjNGYyMGNiMjA5ZDU4NzYwYmJmNDFkNjc2MTI3NTA3MjEwIn0=", "expire_date": "2020-03-26T11:02:24.063Z"}}, {"model": "sessions.session", "pk": "hc2wrrm8ekhe8yvg8at292gm4sivy5rn", "fields": {"session_data": "NTAyZTE3ZTY4YWYxNTI5ZjJjMTdiMTdhNDBmOTVjNjNhZGEwMjE0NTp7fQ==", "expire_date": "2020-07-20T09:01:50.528Z"}}, {"model": "sessions.session", "pk": "hurti7qlhadpydp7wonk6pq1204fxmfi", "fields": {"session_data": "Njg2YzQzZTBhNDM2YWZlMzU3OGUwMzEyNTc0MTAyZjdmOTU3YTUwZTp7Il9hdXRoX3VzZXJfaWQiOiIxIiwiX2F1dGhfdXNlcl9iYWNrZW5kIjoiZGphbmdvLmNvbnRyaWIuYXV0aC5iYWNrZW5kcy5Nb2RlbEJhY2tlbmQiLCJfYXV0aF91c2VyX2hhc2giOiIxZWUwZTZjNGYyMGNiMjA5ZDU4NzYwYmJmNDFkNjc2MTI3NTA3MjEwIn0=", "expire_date": "2020-07-25T08:13:15.764Z"}}, {"model": "sessions.session", "pk": "i3je2pzt15pm57n52tthj84i04ic5mjz", "fields": {"session_data": "Njg2YzQzZTBhNDM2YWZlMzU3OGUwMzEyNTc0MTAyZjdmOTU3YTUwZTp7Il9hdXRoX3VzZXJfaWQiOiIxIiwiX2F1dGhfdXNlcl9iYWNrZW5kIjoiZGphbmdvLmNvbnRyaWIuYXV0aC5iYWNrZW5kcy5Nb2RlbEJhY2tlbmQiLCJfYXV0aF91c2VyX2hhc2giOiIxZWUwZTZjNGYyMGNiMjA5ZDU4NzYwYmJmNDFkNjc2MTI3NTA3MjEwIn0=", "expire_date": "2020-03-22T16:44:43.237Z"}}, {"model": "sessions.session", "pk": "k1iugdoxpjeayxmpl4exmpus5efz2wv2", "fields": {"session_data": "NTAyZTE3ZTY4YWYxNTI5ZjJjMTdiMTdhNDBmOTVjNjNhZGEwMjE0NTp7fQ==", "expire_date": "2020-03-26T09:53:19.448Z"}}, {"model": "sessions.session", "pk": "li2pz5i3l16cdgzkdkd68u2ssqaquq13", "fields": {"session_data": "NTAyZTE3ZTY4YWYxNTI5ZjJjMTdiMTdhNDBmOTVjNjNhZGEwMjE0NTp7fQ==", "expire_date": "2020-07-25T11:24:26.059Z"}}, {"model": "sessions.session", "pk": "lnojfjbgbvyq6yxhqqstsnh72ycmvidn", "fields": {"session_data": "NTAyZTE3ZTY4YWYxNTI5ZjJjMTdiMTdhNDBmOTVjNjNhZGEwMjE0NTp7fQ==", "expire_date": "2020-07-17T19:33:14.264Z"}}, {"model": "sessions.session", "pk": "n62bz3zvlvcycf6fq5xa3xyyy374loks", "fields": {"session_data": "Njg2YzQzZTBhNDM2YWZlMzU3OGUwMzEyNTc0MTAyZjdmOTU3YTUwZTp7Il9hdXRoX3VzZXJfaWQiOiIxIiwiX2F1dGhfdXNlcl9iYWNrZW5kIjoiZGphbmdvLmNvbnRyaWIuYXV0aC5iYWNrZW5kcy5Nb2RlbEJhY2tlbmQiLCJfYXV0aF91c2VyX2hhc2giOiIxZWUwZTZjNGYyMGNiMjA5ZDU4NzYwYmJmNDFkNjc2MTI3NTA3MjEwIn0=", "expire_date": "2020-03-21T12:08:33.754Z"}}, {"model": "sessions.session", "pk": "nh5h6g9un0wgw7uu1vl4gltl5ynonpq5", "fields": {"session_data": "NTAyZTE3ZTY4YWYxNTI5ZjJjMTdiMTdhNDBmOTVjNjNhZGEwMjE0NTp7fQ==", "expire_date": "2020-07-20T09:01:49.363Z"}}, {"model": "sessions.session", "pk": "nqmn8mpvrwunp043mkzn4rfbqai35jsm", "fields": {"session_data": "NTAyZTE3ZTY4YWYxNTI5ZjJjMTdiMTdhNDBmOTVjNjNhZGEwMjE0NTp7fQ==", "expire_date": "2020-07-17T13:08:40.426Z"}}, {"model": "sessions.session", "pk": "o5yugwu364guoaabdv7ba01doeeoran9", "fields": {"session_data": "NTAyZTE3ZTY4YWYxNTI5ZjJjMTdiMTdhNDBmOTVjNjNhZGEwMjE0NTp7fQ==", "expire_date": "2020-03-25T16:05:08.645Z"}}, {"model": "sessions.session", "pk": "oc33dmgdxslwtxp2nnkwpfb08xx8gttp", "fields": {"session_data": "Njg2YzQzZTBhNDM2YWZlMzU3OGUwMzEyNTc0MTAyZjdmOTU3YTUwZTp7Il9hdXRoX3VzZXJfaWQiOiIxIiwiX2F1dGhfdXNlcl9iYWNrZW5kIjoiZGphbmdvLmNvbnRyaWIuYXV0aC5iYWNrZW5kcy5Nb2RlbEJhY2tlbmQiLCJfYXV0aF91c2VyX2hhc2giOiIxZWUwZTZjNGYyMGNiMjA5ZDU4NzYwYmJmNDFkNjc2MTI3NTA3MjEwIn0=", "expire_date": "2020-03-26T10:07:37.737Z"}}, {"model": "sessions.session", "pk": "oi1q5zyivuwo0kbyd6ix274dkfftieyn", "fields": {"session_data": "NTAyZTE3ZTY4YWYxNTI5ZjJjMTdiMTdhNDBmOTVjNjNhZGEwMjE0NTp7fQ==", "expire_date": "2020-07-25T11:24:26.131Z"}}, {"model": "sessions.session", "pk": "ruvk7uuudqcfee2zdj31a7hsjsf5c8ov", "fields": {"session_data": "Njg2YzQzZTBhNDM2YWZlMzU3OGUwMzEyNTc0MTAyZjdmOTU3YTUwZTp7Il9hdXRoX3VzZXJfaWQiOiIxIiwiX2F1dGhfdXNlcl9iYWNrZW5kIjoiZGphbmdvLmNvbnRyaWIuYXV0aC5iYWNrZW5kcy5Nb2RlbEJhY2tlbmQiLCJfYXV0aF91c2VyX2hhc2giOiIxZWUwZTZjNGYyMGNiMjA5ZDU4NzYwYmJmNDFkNjc2MTI3NTA3MjEwIn0=", "expire_date": "2020-07-26T11:43:43.762Z"}}, {"model": "sessions.session", "pk": "svizjid10m1jh7ng3zoiczhwoo0rq5g4", "fields": {"session_data": "Njg2YzQzZTBhNDM2YWZlMzU3OGUwMzEyNTc0MTAyZjdmOTU3YTUwZTp7Il9hdXRoX3VzZXJfaWQiOiIxIiwiX2F1dGhfdXNlcl9iYWNrZW5kIjoiZGphbmdvLmNvbnRyaWIuYXV0aC5iYWNrZW5kcy5Nb2RlbEJhY2tlbmQiLCJfYXV0aF91c2VyX2hhc2giOiIxZWUwZTZjNGYyMGNiMjA5ZDU4NzYwYmJmNDFkNjc2MTI3NTA3MjEwIn0=", "expire_date": "2020-03-25T14:27:19.154Z"}}, {"model": "sessions.session", "pk": "t0vudvluehdv6ocguz8mt1lp6589cqvk", "fields": {"session_data": "NTAyZTE3ZTY4YWYxNTI5ZjJjMTdiMTdhNDBmOTVjNjNhZGEwMjE0NTp7fQ==", "expire_date": "2020-07-16T10:11:12.501Z"}}, {"model": "sessions.session", "pk": "tjgoxhshy0416kt8he9xcrt4klh28o8d", "fields": {"session_data": "NTAyZTE3ZTY4YWYxNTI5ZjJjMTdiMTdhNDBmOTVjNjNhZGEwMjE0NTp7fQ==", "expire_date": "2020-03-24T15:06:16.337Z"}}, {"model": "sessions.session", "pk": "txgm3hib1nnq4078kh5uv6cjqq4l3akf", "fields": {"session_data": "NTAyZTE3ZTY4YWYxNTI5ZjJjMTdiMTdhNDBmOTVjNjNhZGEwMjE0NTp7fQ==", "expire_date": "2020-03-25T15:53:15.198Z"}}, {"model": "sessions.session", "pk": "u1zwjyew7eupp8mryt2dv2gmzgnlbmwe", "fields": {"session_data": "NTAyZTE3ZTY4YWYxNTI5ZjJjMTdiMTdhNDBmOTVjNjNhZGEwMjE0NTp7fQ==", "expire_date": "2020-03-25T16:02:28.973Z"}}, {"model": "sessions.session", "pk": "u6e71hsxaf11e9x6b5w93gt3gg6qtl41", "fields": {"session_data": "NTAyZTE3ZTY4YWYxNTI5ZjJjMTdiMTdhNDBmOTVjNjNhZGEwMjE0NTp7fQ==", "expire_date": "2020-03-24T15:20:10.313Z"}}, {"model": "sessions.session", "pk": "uv5grniuem9b81kc6wmhfyv2d9zfuh5c", "fields": {"session_data": "Njg2YzQzZTBhNDM2YWZlMzU3OGUwMzEyNTc0MTAyZjdmOTU3YTUwZTp7Il9hdXRoX3VzZXJfaWQiOiIxIiwiX2F1dGhfdXNlcl9iYWNrZW5kIjoiZGphbmdvLmNvbnRyaWIuYXV0aC5iYWNrZW5kcy5Nb2RlbEJhY2tlbmQiLCJfYXV0aF91c2VyX2hhc2giOiIxZWUwZTZjNGYyMGNiMjA5ZDU4NzYwYmJmNDFkNjc2MTI3NTA3MjEwIn0=", "expire_date": "2020-03-01T12:39:05.771Z"}}, {"model": "sessions.session", "pk": "uvh5r8kxml28z7kofybmmk73ezyozcj0", "fields": {"session_data": "NTAyZTE3ZTY4YWYxNTI5ZjJjMTdiMTdhNDBmOTVjNjNhZGEwMjE0NTp7fQ==", "expire_date": "2020-03-21T08:26:39.059Z"}}, {"model": "sessions.session", "pk": "v14vu5iaoa5a07mf0t56tnpd6i63ki2o", "fields": {"session_data": "Njg2YzQzZTBhNDM2YWZlMzU3OGUwMzEyNTc0MTAyZjdmOTU3YTUwZTp7Il9hdXRoX3VzZXJfaWQiOiIxIiwiX2F1dGhfdXNlcl9iYWNrZW5kIjoiZGphbmdvLmNvbnRyaWIuYXV0aC5iYWNrZW5kcy5Nb2RlbEJhY2tlbmQiLCJfYXV0aF91c2VyX2hhc2giOiIxZWUwZTZjNGYyMGNiMjA5ZDU4NzYwYmJmNDFkNjc2MTI3NTA3MjEwIn0=", "expire_date": "2020-06-27T21:49:33.592Z"}}, {"model": "sessions.session", "pk": "vi2051pkodzks9dpeyu25wt2b1cab9ka", "fields": {"session_data": "M2U1ZjNjYzMxNjJjMzBkYWRiODg2N2I0NWQ0M2E1MWQyNmE1Yjc3Yzp7Il9wYXNzd29yZF9yZXNldF90b2tlbiI6IjVodi00ZWE2ZDgwOGMzN2E0ZmI3OTA1YyJ9", "expire_date": "2020-07-17T16:04:54.125Z"}}, {"model": "sessions.session", "pk": "w5iql3589ebt0aps4h8q1pdfoa2kzdnr", "fields": {"session_data": "NTAyZTE3ZTY4YWYxNTI5ZjJjMTdiMTdhNDBmOTVjNjNhZGEwMjE0NTp7fQ==", "expire_date": "2020-03-17T07:43:46.320Z"}}, {"model": "sessions.session", "pk": "xe558r7it0s7teize5ulyqry1hxe0vm2", "fields": {"session_data": "Njg2YzQzZTBhNDM2YWZlMzU3OGUwMzEyNTc0MTAyZjdmOTU3YTUwZTp7Il9hdXRoX3VzZXJfaWQiOiIxIiwiX2F1dGhfdXNlcl9iYWNrZW5kIjoiZGphbmdvLmNvbnRyaWIuYXV0aC5iYWNrZW5kcy5Nb2RlbEJhY2tlbmQiLCJfYXV0aF91c2VyX2hhc2giOiIxZWUwZTZjNGYyMGNiMjA5ZDU4NzYwYmJmNDFkNjc2MTI3NTA3MjEwIn0=", "expire_date": "2020-03-23T12:07:28.862Z"}}, {"model": "sessions.session", "pk": "xqsyrivp882p5zksxur9qxb2umr84tz1", "fields": {"session_data": "Njg2YzQzZTBhNDM2YWZlMzU3OGUwMzEyNTc0MTAyZjdmOTU3YTUwZTp7Il9hdXRoX3VzZXJfaWQiOiIxIiwiX2F1dGhfdXNlcl9iYWNrZW5kIjoiZGphbmdvLmNvbnRyaWIuYXV0aC5iYWNrZW5kcy5Nb2RlbEJhY2tlbmQiLCJfYXV0aF91c2VyX2hhc2giOiIxZWUwZTZjNGYyMGNiMjA5ZDU4NzYwYmJmNDFkNjc2MTI3NTA3MjEwIn0=", "expire_date": "2020-03-01T16:57:46.938Z"}}, {"model": "sessions.session", "pk": "ygryqjoamye26qrrf7kf6r2tn04ixqlz", "fields": {"session_data": "NTAyZTE3ZTY4YWYxNTI5ZjJjMTdiMTdhNDBmOTVjNjNhZGEwMjE0NTp7fQ==", "expire_date": "2020-07-16T10:12:31.162Z"}}, {"model": "sessions.session", "pk": "ypbqdvjcft8z6tnv1yyqy1osecznfimu", "fields": {"session_data": "NTAyZTE3ZTY4YWYxNTI5ZjJjMTdiMTdhNDBmOTVjNjNhZGEwMjE0NTp7fQ==", "expire_date": "2020-07-26T13:52:53.676Z"}}, {"model": "sessions.session", "pk": "yuzi5r134ms7zm04vfpoe98okvuew3ol", "fields": {"session_data": "NTAyZTE3ZTY4YWYxNTI5ZjJjMTdiMTdhNDBmOTVjNjNhZGEwMjE0NTp7fQ==", "expire_date": "2020-07-26T13:52:53.780Z"}}, {"model": "landing.subscriber", "pk": 1, "fields": {"email": "test@test.ru", "name": "Alex"}}, {"model": "landing.subscriber", "pk": 2, "fields": {"email": "test2@test.ru", "name": "test"}}, {"model": "landing.subscriber", "pk": 3, "fields": {"email": "test3@test.ru", "name": "test"}}, {"model": "landing.subscriber", "pk": 4, "fields": {"email": "test65@test.ru", "name": "test"}}, {"model": "landing.subscriber", "pk": 5, "fields": {"email": "evseev_alexey94@bk.ru", "name": "\u0410\u043b\u0435\u043a\u0441\u0435\u0439 \u0415\u0432\u0441\u0435\u0435\u0432"}}, {"model": "landing.subscriber", "pk": 6, "fields": {"email": "asdasda@asdasd.ru", "name": "asdasd"}}, {"model": "landing.subscriber", "pk": 7, "fields": {"email": "jjj@jjj.com", "name": "jjj"}}, {"model": "landing.subscriber", "pk": 8, "fields": {"email": "e-alexey94@yandex.ru", "name": "\u0410\u043b\u0435\u043a\u0441\u0435\u0439"}}, {"model": "orders.status", "pk": 1, "fields": {"name": "\u041d\u043e\u0432\u044b\u0439", "is_active": true, "created": "2020-02-20T11:53:30.007Z", "updated": "2020-02-20T11:53:30.007Z"}}, {"model": "orders.status", "pk": 2, "fields": {"name": "\u0412 \u0440\u0430\u0431\u043e\u0442\u0435", "is_active": true, "created": "2020-02-20T11:53:35.904Z", "updated": "2020-02-20T11:53:35.904Z"}}, {"model": "orders.status", "pk": 3, "fields": {"name": "\u041e\u0442\u043c\u0435\u043d\u0435\u043d", "is_active": true, "created": "2020-02-20T11:53:42.213Z", "updated": "2020-02-20T11:53:42.213Z"}}, {"model": "orders.status", "pk": 4, "fields": {"name": "\u0417\u0430\u043a\u0440\u044b\u0442", "is_active": true, "created": "2020-02-20T11:53:49.096Z", "updated": "2020-02-20T11:53:49.096Z"}}, {"model": "orders.order", "pk": 1, "fields": {"user": null, "total_order_price": "340470.00", "customer_email": null, "customer_name": "Alex", "customer_phone": "1234", "customer_address": "-", "status": 1, "comments": "\u0414\u043e\u0441\u0442\u0430\u0432\u043a\u0430 \u0434\u043e\u043c\u043e\u0439", "created": "2020-02-20T11:54:12.088Z", "updated": "2020-02-24T11:39:40.007Z"}}, {"model": "orders.order", "pk": 2, "fields": {"user": 3, "total_order_price": "284980.00", "customer_email": null, "customer_name": "alex", "customer_phone": "324342", "customer_address": "\u0423\u043a\u0430\u0436\u0438\u0442\u0435 \u0430\u0434\u0440\u0435\u0441 \u0434\u043e\u0441\u0442\u0430\u0432\u043a\u0438", "status": 1, "comments": null, "created": "2020-03-12T12:04:20.540Z", "updated": "2020-03-12T12:04:20.557Z"}}, {"model": "orders.order", "pk": 3, "fields": {"user": 4, "total_order_price": "284980.00", "customer_email": null, "customer_name": "sdfdsf", "customer_phone": "12312", "customer_address": "\u0423\u043a\u0430\u0436\u0438\u0442\u0435 \u0430\u0434\u0440\u0435\u0441 \u0434\u043e\u0441\u0442\u0430\u0432\u043a\u0438", "status": 1, "comments": null, "created": "2020-03-12T12:05:11.066Z", "updated": "2020-03-12T12:05:11.081Z"}}, {"model": "orders.order", "pk": 4, "fields": {"user": 5, "total_order_price": "284980.00", "customer_email": null, "customer_name": "asda", "customer_phone": "2131234", "customer_address": "\u0423\u043a\u0430\u0436\u0438\u0442\u0435 \u0430\u0434\u0440\u0435\u0441 \u0434\u043e\u0441\u0442\u0430\u0432\u043a\u0438", "status": 1, "comments": null, "created": "2020-03-12T12:05:37.890Z", "updated": "2020-03-12T12:05:37.906Z"}}, {"model": "orders.order", "pk": 5, "fields": {"user": 6, "total_order_price": "284980.00", "customer_email": null, "customer_name": "asdas", "customer_phone": "sdfsfd", "customer_address": "\u0423\u043a\u0430\u0436\u0438\u0442\u0435 \u0430\u0434\u0440\u0435\u0441 \u0434\u043e\u0441\u0442\u0430\u0432\u043a\u0438", "status": 1, "comments": null, "created": "2020-03-12T12:47:46.961Z", "updated": "2020-03-12T12:47:46.978Z"}}, {"model": "orders.order", "pk": 6, "fields": {"user": 6, "total_order_price": "404970.00", "customer_email": null, "customer_name": "asdas", "customer_phone": "sdfsfd", "customer_address": "\u0423\u043a\u0430\u0436\u0438\u0442\u0435 \u0430\u0434\u0440\u0435\u0441 \u0434\u043e\u0441\u0442\u0430\u0432\u043a\u0438", "status": 1, "comments": null, "created": "2020-03-12T12:48:08.851Z", "updated": "2020-03-12T12:48:08.869Z"}}, {"model": "orders.order", "pk": 7, "fields": {"user": 6, "total_order_price": "524960.00", "customer_email": null, "customer_name": "asdas", "customer_phone": "sdfsfd", "customer_address": "\u0423\u043a\u0430\u0436\u0438\u0442\u0435 \u0430\u0434\u0440\u0435\u0441 \u0434\u043e\u0441\u0442\u0430\u0432\u043a\u0438", "status": 1, "comments": null, "created": "2020-03-12T12:48:47.548Z", "updated": "2020-03-12T12:48:47.565Z"}}, {"model": "orders.order", "pk": 8, "fields": {"user": 7, "total_order_price": "607950.00", "customer_email": null, "customer_name": "dimas", "customer_phone": "234234", "customer_address": "\u0423\u043a\u0430\u0436\u0438\u0442\u0435 \u0430\u0434\u0440\u0435\u0441 \u0434\u043e\u0441\u0442\u0430\u0432\u043a\u0438", "status": 1, "comments": null, "created": "2020-03-12T14:53:41.660Z", "updated": "2020-03-12T14:53:41.680Z"}}, {"model": "orders.order", "pk": 9, "fields": {"user": 8, "total_order_price": "835440.00", "customer_email": null, "customer_name": "kalmyk", "customer_phone": "340958034985", "customer_address": "\u0423\u043a\u0430\u0436\u0438\u0442\u0435 \u0430\u0434\u0440\u0435\u0441 \u0434\u043e\u0441\u0442\u0430\u0432\u043a\u0438", "status": 1, "comments": null, "created": "2020-03-12T20:47:03.727Z", "updated": "2020-03-12T20:47:03.748Z"}}, {"model": "orders.order", "pk": 10, "fields": {"user": 9, "total_order_price": "292980.00", "customer_email": null, "customer_name": "\u0434\u0436", "customer_phone": "\u0434\u0436", "customer_address": "\u0423\u043a\u0430\u0436\u0438\u0442\u0435 \u0430\u0434\u0440\u0435\u0441 \u0434\u043e\u0441\u0442\u0430\u0432\u043a\u0438", "status": 1, "comments": null, "created": "2020-06-18T07:12:40.777Z", "updated": "2020-06-18T07:12:40.808Z"}}, {"model": "orders.order", "pk": 11, "fields": {"user": 15, "total_order_price": "107400.00", "customer_email": null, "customer_name": "\u0410\u043b\u0435\u043a\u0441\u0435\u0439", "customer_phone": "8(919) 082-46-96", "customer_address": "\u0423\u043a\u0430\u0436\u0438\u0442\u0435 \u0430\u0434\u0440\u0435\u0441 \u0434\u043e\u0441\u0442\u0430\u0432\u043a\u0438", "status": 1, "comments": null, "created": "2020-07-12T15:48:03.408Z", "updated": "2020-07-12T15:48:03.426Z"}}, {"model": "orders.order", "pk": 12, "fields": {"user": 15, "total_order_price": "107400.00", "customer_email": null, "customer_name": "Alexey", "customer_phone": "8(919) 082-46-96", "customer_address": "\u0423\u043a\u0430\u0436\u0438\u0442\u0435 \u0430\u0434\u0440\u0435\u0441 \u0434\u043e\u0441\u0442\u0430\u0432\u043a\u0438", "status": 1, "comments": null, "created": "2020-07-12T15:56:21.110Z", "updated": "2020-07-12T15:56:21.126Z"}}, {"model": "orders.order", "pk": 13, "fields": {"user": 15, "total_order_price": "107400.00", "customer_email": null, "customer_name": "Alexey", "customer_phone": "8(919) 082-46-96", "customer_address": "\u0423\u043a\u0430\u0436\u0438\u0442\u0435 \u0430\u0434\u0440\u0435\u0441 \u0434\u043e\u0441\u0442\u0430\u0432\u043a\u0438", "status": 1, "comments": null, "created": "2020-07-12T15:56:26.274Z", "updated": "2020-07-12T15:56:26.290Z"}}, {"model": "orders.order", "pk": 14, "fields": {"user": 16, "total_order_price": "107400.00", "customer_email": null, "customer_name": "\u0410\u043b\u0435\u043a\u0441\u0435\u0439", "customer_phone": "+7 915 782 31 31", "customer_address": "\u0423\u043a\u0430\u0436\u0438\u0442\u0435 \u0430\u0434\u0440\u0435\u0441 \u0434\u043e\u0441\u0442\u0430\u0432\u043a\u0438", "status": 1, "comments": null, "created": "2020-07-12T15:58:41.424Z", "updated": "2020-07-12T15:58:41.439Z"}}, {"model": "orders.order", "pk": 15, "fields": {"user": 16, "total_order_price": "678700.00", "customer_email": null, "customer_name": "\u0410\u043b\u0435\u043a\u0441\u0435\u0439", "customer_phone": "+7 915 782 31 31", "customer_address": "\u0423\u043a\u0430\u0436\u0438\u0442\u0435 \u0430\u0434\u0440\u0435\u0441 \u0434\u043e\u0441\u0442\u0430\u0432\u043a\u0438", "status": 1, "comments": null, "created": "2020-07-12T16:01:09.985Z", "updated": "2020-07-12T16:01:10.034Z"}}, {"model": "orders.order", "pk": 16, "fields": {"user": 16, "total_order_price": "678700.00", "customer_email": null, "customer_name": "Alexey", "customer_phone": "+7 915 782 31 31", "customer_address": "\u0423\u043a\u0430\u0436\u0438\u0442\u0435 \u0430\u0434\u0440\u0435\u0441 \u0434\u043e\u0441\u0442\u0430\u0432\u043a\u0438", "status": 1, "comments": null, "created": "2020-07-12T16:07:28.320Z", "updated": "2020-07-12T16:07:28.353Z"}}, {"model": "orders.order", "pk": 17, "fields": {"user": 16, "total_order_price": "678700.00", "customer_email": null, "customer_name": "\u0410\u043b\u0435\u043a\u0441\u0435\u0439", "customer_phone": "+7 915 782 31 31", "customer_address": "\u0423\u043a\u0430\u0436\u0438\u0442\u0435 \u0430\u0434\u0440\u0435\u0441 \u0434\u043e\u0441\u0442\u0430\u0432\u043a\u0438", "status": 1, "comments": null, "created": "2020-07-12T16:08:22.431Z", "updated": "2020-07-12T16:08:22.466Z"}}, {"model": "orders.order", "pk": 18, "fields": {"user": 16, "total_order_price": "678700.00", "customer_email": null, "customer_name": "Alexey", "customer_phone": "+7 915 782 31 31", "customer_address": "\u0423\u043a\u0430\u0436\u0438\u0442\u0435 \u0430\u0434\u0440\u0435\u0441 \u0434\u043e\u0441\u0442\u0430\u0432\u043a\u0438", "status": 1, "comments": null, "created": "2020-07-12T16:24:43.980Z", "updated": "2020-07-12T16:24:44.014Z"}}, {"model": "orders.order", "pk": 19, "fields": {"user": 17, "total_order_price": "204500.00", "customer_email": null, "customer_name": "\u0432\u044f\u0430\u044b\u0432\u0430", "customer_phone": "891567435", "customer_address": "\u0423\u043a\u0430\u0436\u0438\u0442\u0435 \u0430\u0434\u0440\u0435\u0441 \u0434\u043e\u0441\u0442\u0430\u0432\u043a\u0438", "status": 1, "comments": null, "created": "2020-07-13T13:44:01.885Z", "updated": "2020-07-13T13:44:01.919Z"}}, {"model": "orders.productinorder", "pk": 22, "fields": {"order": 11, "product": 7, "nmb": 1, "price_per_item": "7900.00", "total_price": "7900.00", "is_active": true, "created": "2020-07-12T15:48:03.415Z", "updated": "2020-07-12T15:48:03.415Z"}}, {"model": "orders.productinorder", "pk": 23, "fields": {"order": 11, "product": 6, "nmb": 5, "price_per_item": "19900.00", "total_price": "99500.00", "is_active": true, "created": "2020-07-12T15:48:03.424Z", "updated": "2020-07-12T15:48:03.424Z"}}, {"model": "orders.productinorder", "pk": 24, "fields": {"order": 12, "product": 7, "nmb": 1, "price_per_item": "7900.00", "total_price": "7900.00", "is_active": true, "created": "2020-07-12T15:56:21.115Z", "updated": "2020-07-12T15:56:21.115Z"}}, {"model": "orders.productinorder", "pk": 25, "fields": {"order": 12, "product": 6, "nmb": 5, "price_per_item": "19900.00", "total_price": "99500.00", "is_active": true, "created": "2020-07-12T15:56:21.123Z", "updated": "2020-07-12T15:56:21.123Z"}}, {"model": "orders.productinorder", "pk": 26, "fields": {"order": 13, "product": 7, "nmb": 1, "price_per_item": "7900.00", "total_price": "7900.00", "is_active": true, "created": "2020-07-12T15:56:26.280Z", "updated": "2020-07-12T15:56:26.280Z"}}, {"model": "orders.productinorder", "pk": 27, "fields": {"order": 13, "product": 6, "nmb": 5, "price_per_item": "19900.00", "total_price": "99500.00", "is_active": true, "created": "2020-07-12T15:56:26.287Z", "updated": "2020-07-12T15:56:26.287Z"}}, {"model": "orders.productinorder", "pk": 28, "fields": {"order": 14, "product": 7, "nmb": 1, "price_per_item": "7900.00", "total_price": "7900.00", "is_active": true, "created": "2020-07-12T15:58:41.429Z", "updated": "2020-07-12T15:58:41.429Z"}}, {"model": "orders.productinorder", "pk": 29, "fields": {"order": 14, "product": 6, "nmb": 5, "price_per_item": "19900.00", "total_price": "99500.00", "is_active": true, "created": "2020-07-12T15:58:41.437Z", "updated": "2020-07-12T15:58:41.437Z"}}, {"model": "orders.productinorder", "pk": 30, "fields": {"order": 15, "product": 5, "nmb": 4, "price_per_item": "124900.00", "total_price": "499600.00", "is_active": true, "created": "2020-07-12T16:01:09.998Z", "updated": "2020-07-12T16:01:09.998Z"}}, {"model": "orders.productinorder", "pk": 31, "fields": {"order": 15, "product": 7, "nmb": 1, "price_per_item": "7900.00", "total_price": "7900.00", "is_active": true, "created": "2020-07-12T16:01:10.010Z", "updated": "2020-07-12T16:01:10.010Z"}}, {"model": "orders.productinorder", "pk": 32, "fields": {"order": 15, "product": 6, "nmb": 7, "price_per_item": "19900.00", "total_price": "139300.00", "is_active": true, "created": "2020-07-12T16:01:10.021Z", "updated": "2020-07-12T16:01:10.021Z"}}, {"model": "orders.productinorder", "pk": 33, "fields": {"order": 15, "product": 8, "nmb": 1, "price_per_item": "31900.00", "total_price": "31900.00", "is_active": true, "created": "2020-07-12T16:01:10.030Z", "updated": "2020-07-12T16:01:10.030Z"}}, {"model": "orders.productinorder", "pk": 34, "fields": {"order": 16, "product": 5, "nmb": 4, "price_per_item": "124900.00", "total_price": "499600.00", "is_active": true, "created": "2020-07-12T16:07:28.325Z", "updated": "2020-07-12T16:07:28.325Z"}}, {"model": "orders.productinorder", "pk": 35, "fields": {"order": 16, "product": 7, "nmb": 1, "price_per_item": "7900.00", "total_price": "7900.00", "is_active": true, "created": "2020-07-12T16:07:28.334Z", "updated": "2020-07-12T16:07:28.334Z"}}, {"model": "orders.productinorder", "pk": 36, "fields": {"order": 16, "product": 6, "nmb": 7, "price_per_item": "19900.00", "total_price": "139300.00", "is_active": true, "created": "2020-07-12T16:07:28.342Z", "updated": "2020-07-12T16:07:28.342Z"}}, {"model": "orders.productinorder", "pk": 37, "fields": {"order": 16, "product": 8, "nmb": 1, "price_per_item": "31900.00", "total_price": "31900.00", "is_active": true, "created": "2020-07-12T16:07:28.349Z", "updated": "2020-07-12T16:07:28.349Z"}}, {"model": "orders.productinorder", "pk": 38, "fields": {"order": 17, "product": 5, "nmb": 4, "price_per_item": "124900.00", "total_price": "499600.00", "is_active": true, "created": "2020-07-12T16:08:22.437Z", "updated": "2020-07-12T16:08:22.437Z"}}, {"model": "orders.productinorder", "pk": 39, "fields": {"order": 17, "product": 7, "nmb": 1, "price_per_item": "7900.00", "total_price": "7900.00", "is_active": true, "created": "2020-07-12T16:08:22.447Z", "updated": "2020-07-12T16:08:22.447Z"}}, {"model": "orders.productinorder", "pk": 40, "fields": {"order": 17, "product": 6, "nmb": 7, "price_per_item": "19900.00", "total_price": "139300.00", "is_active": true, "created": "2020-07-12T16:08:22.455Z", "updated": "2020-07-12T16:08:22.455Z"}}, {"model": "orders.productinorder", "pk": 41, "fields": {"order": 17, "product": 8, "nmb": 1, "price_per_item": "31900.00", "total_price": "31900.00", "is_active": true, "created": "2020-07-12T16:08:22.464Z", "updated": "2020-07-12T16:08:22.464Z"}}, {"model": "orders.productinorder", "pk": 42, "fields": {"order": 18, "product": 5, "nmb": 4, "price_per_item": "124900.00", "total_price": "499600.00", "is_active": true, "created": "2020-07-12T16:24:43.987Z", "updated": "2020-07-12T16:24:43.987Z"}}, {"model": "orders.productinorder", "pk": 43, "fields": {"order": 18, "product": 7, "nmb": 1, "price_per_item": "7900.00", "total_price": "7900.00", "is_active": true, "created": "2020-07-12T16:24:43.996Z", "updated": "2020-07-12T16:24:43.996Z"}}, {"model": "orders.productinorder", "pk": 44, "fields": {"order": 18, "product": 6, "nmb": 7, "price_per_item": "19900.00", "total_price": "139300.00", "is_active": true, "created": "2020-07-12T16:24:44.004Z", "updated": "2020-07-12T16:24:44.005Z"}}, {"model": "orders.productinorder", "pk": 45, "fields": {"order": 18, "product": 8, "nmb": 1, "price_per_item": "31900.00", "total_price": "31900.00", "is_active": true, "created": "2020-07-12T16:24:44.012Z", "updated": "2020-07-12T16:24:44.012Z"}}, {"model": "orders.productinorder", "pk": 46, "fields": {"order": 19, "product": 5, "nmb": 1, "price_per_item": "124900.00", "total_price": "124900.00", "is_active": true, "created": "2020-07-13T13:44:01.892Z", "updated": "2020-07-13T13:44:01.892Z"}}, {"model": "orders.productinorder", "pk": 47, "fields": {"order": 19, "product": 7, "nmb": 1, "price_per_item": "7900.00", "total_price": "7900.00", "is_active": true, "created": "2020-07-13T13:44:01.901Z", "updated": "2020-07-13T13:44:01.901Z"}}, {"model": "orders.productinorder", "pk": 48, "fields": {"order": 19, "product": 6, "nmb": 2, "price_per_item": "19900.00", "total_price": "39800.00", "is_active": true, "created": "2020-07-13T13:44:01.909Z", "updated": "2020-07-13T13:44:01.909Z"}}, {"model": "orders.productinorder", "pk": 49, "fields": {"order": 19, "product": 8, "nmb": 1, "price_per_item": "31900.00", "total_price": "31900.00", "is_active": true, "created": "2020-07-13T13:44:01.916Z", "updated": "2020-07-13T13:44:01.916Z"}}, {"model": "orders.productinbasket", "pk": 96, "fields": {"session_key": "hurti7qlhadpydp7wonk6pq1204fxmfi", "order": 19, "product": 5, "nmb": 1, "price_per_item": "124900.00", "total_price": "124900.00", "is_active": true, "created": "2020-07-11T14:31:33.438Z", "updated": "2020-07-13T13:44:01.889Z"}}, {"model": "orders.productinbasket", "pk": 97, "fields": {"session_key": "hurti7qlhadpydp7wonk6pq1204fxmfi", "order": 19, "product": 7, "nmb": 1, "price_per_item": "7900.00", "total_price": "7900.00", "is_active": true, "created": "2020-07-11T14:31:40.378Z", "updated": "2020-07-13T13:44:01.899Z"}}, {"model": "orders.productinbasket", "pk": 98, "fields": {"session_key": "hurti7qlhadpydp7wonk6pq1204fxmfi", "order": 19, "product": 6, "nmb": 2, "price_per_item": "19900.00", "total_price": "39800.00", "is_active": true, "created": "2020-07-11T15:27:18.985Z", "updated": "2020-07-13T13:44:01.908Z"}}, {"model": "orders.productinbasket", "pk": 99, "fields": {"session_key": "hurti7qlhadpydp7wonk6pq1204fxmfi", "order": 19, "product": 8, "nmb": 1, "price_per_item": "31900.00", "total_price": "31900.00", "is_active": true, "created": "2020-07-12T14:18:18.863Z", "updated": "2020-07-13T13:44:01.915Z"}}, {"model": "orders.productinbasket", "pk": 100, "fields": {"session_key": "hurti7qlhadpydp7wonk6pq1204fxmfi", "order": null, "product": 9, "nmb": 0, "price_per_item": "9500.00", "total_price": "9500.00", "is_active": false, "created": "2020-07-12T14:28:20.945Z", "updated": "2020-07-12T14:28:20.945Z"}}, {"model": "orders.productinbasket", "pk": 101, "fields": {"session_key": "ruvk7uuudqcfee2zdj31a7hsjsf5c8ov", "order": null, "product": 9, "nmb": 0, "price_per_item": "9500.00", "total_price": "19000.00", "is_active": false, "created": "2020-07-12T15:42:32.160Z", "updated": "2020-07-12T15:42:32.160Z"}}, {"model": "orders.productinbasket", "pk": 102, "fields": {"session_key": "ruvk7uuudqcfee2zdj31a7hsjsf5c8ov", "order": 18, "product": 5, "nmb": 4, "price_per_item": "124900.00", "total_price": "499600.00", "is_active": true, "created": "2020-07-12T15:42:39.711Z", "updated": "2020-07-12T16:24:43.983Z"}}, {"model": "orders.productinbasket", "pk": 103, "fields": {"session_key": "ruvk7uuudqcfee2zdj31a7hsjsf5c8ov", "order": 18, "product": 7, "nmb": 1, "price_per_item": "7900.00", "total_price": "7900.00", "is_active": true, "created": "2020-07-12T15:44:17.446Z", "updated": "2020-07-12T16:24:43.994Z"}}, {"model": "orders.productinbasket", "pk": 104, "fields": {"session_key": "ruvk7uuudqcfee2zdj31a7hsjsf5c8ov", "order": 18, "product": 6, "nmb": 7, "price_per_item": "19900.00", "total_price": "139300.00", "is_active": true, "created": "2020-07-12T15:44:47.410Z", "updated": "2020-07-12T16:24:44.001Z"}}, {"model": "orders.productinbasket", "pk": 105, "fields": {"session_key": "ruvk7uuudqcfee2zdj31a7hsjsf5c8ov", "order": 18, "product": 8, "nmb": 1, "price_per_item": "31900.00", "total_price": "31900.00", "is_active": true, "created": "2020-07-12T15:45:45.431Z", "updated": "2020-07-12T16:24:44.010Z"}}, {"model": "products.productcategory", "pk": 1, "fields": {"name": "phones", "is_active": true}}, {"model": "products.productcategory", "pk": 2, "fields": {"name": "laptops", "is_active": true}}, {"model": "products.productcategory", "pk": 3, "fields": {"name": "\u0431\u0443\u043a\u0435\u0442\u044b", "is_active": true}}, {"model": "products.productcategory", "pk": 4, "fields": {"name": "\u043a\u043e\u0440\u0437\u0438\u043d\u044b", "is_active": true}}, {"model": "products.productcategory", "pk": 5, "fields": {"name": "\u043a\u043e\u0440\u043e\u0431\u043a\u0438", "is_active": true}}, {"model": "products.product", "pk": 5, "fields": {"name": "351 \u0431\u0435\u043b\u044b\u0439 \u043f\u0438\u043e\u043d \u0432 \u043a\u043e\u0440\u0437\u0438\u043d\u0435", "description": "", "short_description": "", "price": "124900.00", "discount": 0, "category": 4, "is_active": true, "created": "2020-07-06T09:05:04.347Z", "updated": "2020-07-12T12:01:58.932Z"}}, {"model": "products.product", "pk": 6, "fields": {"name": "\u0411\u0443\u043a\u0435\u0442 \u0438\u0437 101 \u043e\u0442\u0431\u043e\u0440\u043d\u043e\u0433\u043e \u043f\u0438\u043e\u043d\u0430", "description": "\u0421\u0432\u0435\u0436\u0438\u0435 \u0438 \u0432\u043e\u0437\u0434\u0443\u0448\u043d\u044b\u0435", "short_description": "", "price": "19900.00", "discount": 0, "category": 3, "is_active": true, "created": "2020-07-11T08:16:28.206Z", "updated": "2020-07-12T12:02:25.935Z"}}, {"model": "products.product", "pk": 7, "fields": {"name": "\u0411\u0443\u043a\u0435\u0442 \u043a\u043e\u0441\u043c\u0438\u0447\u0435\u0441\u043a\u0438\u0445 \u0433\u043e\u0440\u0442\u0435\u043d\u0437\u0438\u0439", "description": "", "short_description": "", "price": "7900.00", "discount": 0, "category": 3, "is_active": true, "created": "2020-07-11T08:17:50.876Z", "updated": "2020-07-12T12:02:45.823Z"}}, {"model": "products.product", "pk": 8, "fields": {"name": "\u0411\u0443\u043a\u0435\u0442 \u0438\u0437 251 \u0431\u0435\u043b\u043e\u0439 \u0440\u043e\u0437\u044b", "description": "\u0420\u043e\u0441\u043a\u043e\u0448\u043d\u044b\u0439 \u0431\u0443\u043a\u0435\u0442 \u0438\u0437 \u0440\u043e\u0437 \u0441\u043e\u0440\u0442\u0430 \u041f\u0440\u0430\u0443\u0434", "short_description": "", "price": "31900.00", "discount": 0, "category": 3, "is_active": true, "created": "2020-07-11T08:20:29.649Z", "updated": "2020-07-12T12:02:58.604Z"}}, {"model": "products.product", "pk": 9, "fields": {"name": "\u0420\u043e\u0437\u044b \u0432 \u043a\u043e\u0440\u043e\u0431\u043a\u0435", "description": "\u041e\u0442\u0431\u043e\u0440\u043d\u0430\u044f 101 \u043a\u0440\u0430\u0441\u043d\u0430\u044f \u0440\u043e\u0437\u0430 \u0432 \u0448\u043b\u044f\u043f\u043d\u043e\u0439 \u043a\u043e\u0440\u043e\u0431\u043a\u0435", "short_description": "", "price": "9500.00", "discount": 0, "category": 5, "is_active": true, "created": "2020-07-12T07:13:43.140Z", "updated": "2020-07-12T12:03:17.453Z"}}, {"model": "products.productimage", "pk": 10, "fields": {"product": 5, "image": "products_images/351_\u0431\u0435\u043b\u044b\u0439_\u043f\u0438\u043e\u043d_\u0432_\u043a\u043e\u0440\u0437\u0438\u043d\u0435_124900_\u0434\u0440\u0443\u0433\u043e\u0439_\u0440\u0430\u043a\u0443\u0440\u0441.jpg", "is_main": false, "is_active": true, "created": "2020-07-06T09:05:04.350Z", "updated": "2020-07-12T11:52:12.495Z"}}, {"model": "products.productimage", "pk": 11, "fields": {"product": 5, "image": "products_images/351_\u0431\u0435\u043b\u044b\u0439_\u043f\u0438\u043e\u043d_\u0432_\u043a\u043e\u0440\u0437\u0438\u043d\u0435_124900.jpg", "is_main": false, "is_active": true, "created": "2020-07-06T09:05:04.352Z", "updated": "2020-07-06T09:43:29.920Z"}}, {"model": "products.productimage", "pk": 12, "fields": {"product": 6, "image": "products_images/\u043f\u0438\u043e\u043d\u044b1_19900.jpg", "is_main": false, "is_active": true, "created": "2020-07-11T08:16:28.211Z", "updated": "2020-07-12T11:52:32.388Z"}}, {"model": "products.productimage", "pk": 13, "fields": {"product": 6, "image": "products_images/\u043f\u0438\u043e\u043d\u044b2_19900.jpg", "is_main": false, "is_active": true, "created": "2020-07-11T08:16:28.213Z", "updated": "2020-07-11T08:16:28.213Z"}}, {"model": "products.productimage", "pk": 14, "fields": {"product": 7, "image": "products_images/\u0431\u0443\u043a\u0435\u0442_\u0433\u043e\u0440\u0442\u0435\u043d\u0437\u0438\u0438_7900_tn.jpg", "is_main": true, "is_active": true, "created": "2020-07-11T08:17:50.881Z", "updated": "2020-07-12T12:02:42.606Z"}}, {"model": "products.productimage", "pk": 15, "fields": {"product": 8, "image": "products_images/\u0431\u0435\u043b\u044b\u0435_\u0440\u043e\u0437\u044b1_31900.jpg", "is_main": false, "is_active": true, "created": "2020-07-11T08:20:29.651Z", "updated": "2020-07-12T11:53:45.321Z"}}, {"model": "products.productimage", "pk": 16, "fields": {"product": 8, "image": "products_images/\u0431\u0435\u043b\u044b\u0435_\u0440\u043e\u0437\u044b2.jpg", "is_main": false, "is_active": true, "created": "2020-07-11T08:20:29.652Z", "updated": "2020-07-11T08:20:29.652Z"}}, {"model": "products.productimage", "pk": 17, "fields": {"product": 9, "image": "products_images/\u0440\u043e\u0437\u044b_\u0432_\u043a\u043e\u0440\u043e\u0431\u043a\u0435.jpg", "is_main": false, "is_active": true, "created": "2020-07-12T07:13:43.143Z", "updated": "2020-07-12T11:54:06.140Z"}}, {"model": "products.productimage", "pk": 18, "fields": {"product": 5, "image": "products_images/351_\u0431\u0435\u043b\u044b\u0438_\u043f\u0438\u043e\u043d_\u0432_\u043a\u043e\u0440\u0437\u0438\u043d\u0435_124900_\u0434\u0440\u0443\u0433\u043e\u0438_\u0440\u0430\u043a\u0443\u0440\u0441_tn.jpg", "is_main": true, "is_active": true, "created": "2020-07-12T11:52:12.496Z", "updated": "2020-07-12T12:01:58.936Z"}}, {"model": "products.productimage", "pk": 19, "fields": {"product": 6, "image": "products_images/\u043f\u0438\u043e\u043d\u044b2_19900_tn.jpg", "is_main": true, "is_active": true, "created": "2020-07-12T11:52:32.389Z", "updated": "2020-07-12T12:02:25.936Z"}}, {"model": "products.productimage", "pk": 20, "fields": {"product": 8, "image": "products_images/\u0431\u0435\u043b\u044b\u0435_\u0440\u043e\u0437\u044b1_31900_tn.jpg", "is_main": true, "is_active": true, "created": "2020-07-12T11:53:45.322Z", "updated": "2020-07-12T12:02:58.608Z"}}, {"model": "products.productimage", "pk": 21, "fields": {"product": 9, "image": "products_images/\u0440\u043e\u0437\u044b_\u0432_\u043a\u043e\u0440\u043e\u0431\u043a\u0435_tn.jpg", "is_main": true, "is_active": true, "created": "2020-07-12T11:54:06.141Z", "updated": "2020-07-12T12:03:17.455Z"}}, {"model": "products.productimage", "pk": 22, "fields": {"product": 7, "image": "products_images/\u0431\u0443\u043a\u0435\u0442_\u0433\u043e\u0440\u0442\u0435\u043d\u0437\u0438\u0438_7900.jpg", "is_main": false, "is_active": true, "created": "2020-07-12T11:54:23.724Z", "updated": "2020-07-12T11:54:23.724Z"}}, {"model": "admin.logentry", "pk": 1, "fields": {"action_time": "2020-02-20T11:28:26.449Z", "user": 1, "content_type": 11, "object_id": "1", "object_repr": "1", "action_flag": 1, "change_message": "[{\"added\": {}}]"}}, {"model": "admin.logentry", "pk": 2, "fields": {"action_time": "2020-02-20T11:32:55.340Z", "user": 1, "content_type": 12, "object_id": "1", "object_repr": "1", "action_flag": 1, "change_message": "[{\"added\": {}}]"}}, {"model": "admin.logentry", "pk": 3, "fields": {"action_time": "2020-02-20T11:37:19.695Z", "user": 1, "content_type": 12, "object_id": "2", "object_repr": "2", "action_flag": 1, "change_message": "[{\"added\": {}}]"}}, {"model": "admin.logentry", "pk": 4, "fields": {"action_time": "2020-02-20T11:38:40.039Z", "user": 1, "content_type": 12, "object_id": "3", "object_repr": "3", "action_flag": 1, "change_message": "[{\"added\": {}}]"}}, {"model": "admin.logentry", "pk": 5, "fields": {"action_time": "2020-02-20T11:43:51.215Z", "user": 1, "content_type": 12, "object_id": "4", "object_repr": "4", "action_flag": 1, "change_message": "[{\"added\": {}}]"}}, {"model": "admin.logentry", "pk": 6, "fields": {"action_time": "2020-02-20T11:53:30.008Z", "user": 1, "content_type": 8, "object_id": "1", "object_repr": "\u0421\u0442\u0430\u0442\u0443\u0441 \u041d\u043e\u0432\u044b\u0439", "action_flag": 1, "change_message": "[{\"added\": {}}]"}}, {"model": "admin.logentry", "pk": 7, "fields": {"action_time": "2020-02-20T11:53:35.905Z", "user": 1, "content_type": 8, "object_id": "2", "object_repr": "\u0421\u0442\u0430\u0442\u0443\u0441 \u0412 \u0440\u0430\u0431\u043e\u0442\u0435", "action_flag": 1, "change_message": "[{\"added\": {}}]"}}, {"model": "admin.logentry", "pk": 8, "fields": {"action_time": "2020-02-20T11:53:42.214Z", "user": 1, "content_type": 8, "object_id": "3", "object_repr": "\u0421\u0442\u0430\u0442\u0443\u0441 \u041e\u0442\u043c\u0435\u043d\u0435\u043d", "action_flag": 1, "change_message": "[{\"added\": {}}]"}}, {"model": "admin.logentry", "pk": 9, "fields": {"action_time": "2020-02-20T11:53:49.097Z", "user": 1, "content_type": 8, "object_id": "4", "object_repr": "\u0421\u0442\u0430\u0442\u0443\u0441 \u0417\u0430\u043a\u0440\u044b\u0442", "action_flag": 1, "change_message": "[{\"added\": {}}]"}}, {"model": "admin.logentry", "pk": 10, "fields": {"action_time": "2020-02-20T11:54:12.089Z", "user": 1, "content_type": 10, "object_id": "1", "object_repr": "\u0417\u0430\u043a\u0430\u0437 1 \u0441\u0442\u0430\u0442\u0443\u0441 - \u041d\u043e\u0432\u044b\u0439", "action_flag": 1, "change_message": "[{\"added\": {}}]"}}, {"model": "admin.logentry", "pk": 11, "fields": {"action_time": "2020-02-20T11:59:41.961Z", "user": 1, "content_type": 10, "object_id": "1", "object_repr": "\u0417\u0430\u043a\u0430\u0437 1 \u0441\u0442\u0430\u0442\u0443\u0441 - \u041d\u043e\u0432\u044b\u0439", "action_flag": 2, "change_message": "[{\"added\": {\"name\": \"\\u0422\\u043e\\u0432\\u0430\\u0440\", \"object\": \"\\u0422\\u043e\\u0432\\u0430\\u0440 \\u041c\\u043e\\u0431\\u0438\\u043b\\u044c\\u043d\\u044b\\u0439 \\u043f\\u0440\\u0438\\u043d\\u0442\\u0435\\u0440 LifePrint 2x3 \\u0432 \\u0437\\u0430\\u043a\\u0430\\u0437\\u0435 \\u21161\"}}]"}}, {"model": "admin.logentry", "pk": 12, "fields": {"action_time": "2020-02-23T16:43:22.206Z", "user": 1, "content_type": 10, "object_id": "1", "object_repr": "\u0417\u0430\u043a\u0430\u0437 1 \u0441\u0442\u0430\u0442\u0443\u0441 - \u041d\u043e\u0432\u044b\u0439", "action_flag": 2, "change_message": "[{\"changed\": {\"fields\": [\"Customer address\"]}}]"}}, {"model": "admin.logentry", "pk": 13, "fields": {"action_time": "2020-02-24T11:15:51.487Z", "user": 1, "content_type": 11, "object_id": "1", "object_repr": "\u041c\u043e\u0431\u0438\u043b\u044c\u043d\u044b\u0439 \u043f\u0440\u0438\u043d\u0442\u0435\u0440 LifePrint 2x3", "action_flag": 2, "change_message": "[{\"changed\": {\"fields\": [\"Price\"]}}]"}}, {"model": "admin.logentry", "pk": 14, "fields": {"action_time": "2020-02-24T11:19:31.793Z", "user": 1, "content_type": 11, "object_id": "2", "object_repr": "MacBook Pro 16 /i7 2,6 GHz/16 Gb/512 Gb/Space Gray (MVVJ2R)", "action_flag": 1, "change_message": "[{\"added\": {}}, {\"added\": {\"name\": \"\\u0424\\u043e\\u0442\\u043e\\u0433\\u0440\\u0430\\u0444\\u0438\\u044f\", \"object\": \"5\"}}, {\"added\": {\"name\": \"\\u0424\\u043e\\u0442\\u043e\\u0433\\u0440\\u0430\\u0444\\u0438\\u044f\", \"object\": \"6\"}}]"}}, {"model": "admin.logentry", "pk": 15, "fields": {"action_time": "2020-02-24T11:23:29.891Z", "user": 1, "content_type": 11, "object_id": "3", "object_repr": "Samsung Galaxy Z Flip \u0421\u0438\u044f\u044e\u0449\u0438\u0439 \u0410\u043c\u0435\u0442\u0438\u0441\u0442 256 Gb", "action_flag": 1, "change_message": "[{\"added\": {}}, {\"added\": {\"name\": \"\\u0424\\u043e\\u0442\\u043e\\u0433\\u0440\\u0430\\u0444\\u0438\\u044f\", \"object\": \"7\"}}, {\"added\": {\"name\": \"\\u0424\\u043e\\u0442\\u043e\\u0433\\u0440\\u0430\\u0444\\u0438\\u044f\", \"object\": \"8\"}}]"}}, {"model": "admin.logentry", "pk": 16, "fields": {"action_time": "2020-02-24T11:24:23.377Z", "user": 1, "content_type": 11, "object_id": "1", "object_repr": "\u041c\u043e\u0431\u0438\u043b\u044c\u043d\u044b\u0439 \u043f\u0440\u0438\u043d\u0442\u0435\u0440 LifePrint 2x3", "action_flag": 2, "change_message": "[{\"changed\": {\"fields\": [\"Price\"]}}]"}}, {"model": "admin.logentry", "pk": 17, "fields": {"action_time": "2020-02-24T11:39:05.147Z", "user": 1, "content_type": 10, "object_id": "1", "object_repr": "\u0417\u0430\u043a\u0430\u0437 1 \u0441\u0442\u0430\u0442\u0443\u0441 - \u041d\u043e\u0432\u044b\u0439", "action_flag": 2, "change_message": "[{\"added\": {\"name\": \"\\u0422\\u043e\\u0432\\u0430\\u0440 \\u0432 \\u0437\\u0430\\u043a\\u0430\\u0437\\u0435\", \"object\": \"\\u0422\\u043e\\u0432\\u0430\\u0440 MacBook Pro 16 /i7 2,6 GHz/16 Gb/512 Gb/Space Gray (MVVJ2R) \\u0432 \\u0437\\u0430\\u043a\\u0430\\u0437\\u0435 \\u21161\"}}]"}}, {"model": "admin.logentry", "pk": 18, "fields": {"action_time": "2020-02-24T11:39:17.039Z", "user": 1, "content_type": 10, "object_id": "1", "object_repr": "\u0417\u0430\u043a\u0430\u0437 1 \u0441\u0442\u0430\u0442\u0443\u0441 - \u041d\u043e\u0432\u044b\u0439", "action_flag": 2, "change_message": "[{\"changed\": {\"name\": \"\\u0422\\u043e\\u0432\\u0430\\u0440 \\u0432 \\u0437\\u0430\\u043a\\u0430\\u0437\\u0435\", \"object\": \"\\u0422\\u043e\\u0432\\u0430\\u0440 MacBook Pro 16 /i7 2,6 GHz/16 Gb/512 Gb/Space Gray (MVVJ2R) \\u0432 \\u0437\\u0430\\u043a\\u0430\\u0437\\u0435 \\u21161\", \"fields\": [\"Nmb\"]}}]"}}, {"model": "admin.logentry", "pk": 19, "fields": {"action_time": "2020-02-24T11:39:27.076Z", "user": 1, "content_type": 10, "object_id": "1", "object_repr": "\u0417\u0430\u043a\u0430\u0437 1 \u0441\u0442\u0430\u0442\u0443\u0441 - \u041d\u043e\u0432\u044b\u0439", "action_flag": 2, "change_message": "[{\"deleted\": {\"name\": \"\\u0422\\u043e\\u0432\\u0430\\u0440 \\u0432 \\u0437\\u0430\\u043a\\u0430\\u0437\\u0435\", \"object\": \"\\u0422\\u043e\\u0432\\u0430\\u0440 \\u041c\\u043e\\u0431\\u0438\\u043b\\u044c\\u043d\\u044b\\u0439 \\u043f\\u0440\\u0438\\u043d\\u0442\\u0435\\u0440 LifePrint 2x3 \\u0432 \\u0437\\u0430\\u043a\\u0430\\u0437\\u0435 \\u21161\"}}]"}}, {"model": "admin.logentry", "pk": 20, "fields": {"action_time": "2020-02-24T11:39:40.008Z", "user": 1, "content_type": 10, "object_id": "1", "object_repr": "\u0417\u0430\u043a\u0430\u0437 1 \u0441\u0442\u0430\u0442\u0443\u0441 - \u041d\u043e\u0432\u044b\u0439", "action_flag": 2, "change_message": "[{\"added\": {\"name\": \"\\u0422\\u043e\\u0432\\u0430\\u0440 \\u0432 \\u0437\\u0430\\u043a\\u0430\\u0437\\u0435\", \"object\": \"\\u0422\\u043e\\u0432\\u0430\\u0440 \\u041c\\u043e\\u0431\\u0438\\u043b\\u044c\\u043d\\u044b\\u0439 \\u043f\\u0440\\u0438\\u043d\\u0442\\u0435\\u0440 LifePrint 2x3 \\u0432 \\u0437\\u0430\\u043a\\u0430\\u0437\\u0435 \\u21161\"}}]"}}, {"model": "admin.logentry", "pk": 21, "fields": {"action_time": "2020-02-25T14:22:49.459Z", "user": 1, "content_type": 11, "object_id": "4", "object_repr": "\u041a\u0432\u0430\u0434\u0440\u043e\u043a\u043e\u043f\u0442\u0435\u0440 DJI Mavic 2 Pro + \u041f\u0443\u043b\u044c\u0442 Smart Controller", "action_flag": 1, "change_message": "[{\"added\": {}}, {\"added\": {\"name\": \"\\u0424\\u043e\\u0442\\u043e\\u0433\\u0440\\u0430\\u0444\\u0438\\u044f\", \"object\": \"9\"}}]"}}, {"model": "admin.logentry", "pk": 22, "fields": {"action_time": "2020-02-25T16:44:21.261Z", "user": 1, "content_type": 11, "object_id": "3", "object_repr": "Samsung Galaxy Z Flip \u0421\u0438\u044f\u044e\u0449\u0438\u0439 \u0410\u043c\u0435\u0442\u0438\u0441\u0442 256 Gb", "action_flag": 2, "change_message": "[{\"changed\": {\"name\": \"\\u0424\\u043e\\u0442\\u043e\\u0433\\u0440\\u0430\\u0444\\u0438\\u044f\", \"object\": \"7\", \"fields\": [\"Is main\"]}}]"}}, {"model": "admin.logentry", "pk": 23, "fields": {"action_time": "2020-02-25T16:44:31.218Z", "user": 1, "content_type": 11, "object_id": "2", "object_repr": "MacBook Pro 16 /i7 2,6 GHz/16 Gb/512 Gb/Space Gray (MVVJ2R)", "action_flag": 2, "change_message": "[{\"changed\": {\"name\": \"\\u0424\\u043e\\u0442\\u043e\\u0433\\u0440\\u0430\\u0444\\u0438\\u044f\", \"object\": \"5\", \"fields\": [\"Is main\"]}}]"}}, {"model": "admin.logentry", "pk": 24, "fields": {"action_time": "2020-02-25T16:44:40.030Z", "user": 1, "content_type": 11, "object_id": "1", "object_repr": "\u041c\u043e\u0431\u0438\u043b\u044c\u043d\u044b\u0439 \u043f\u0440\u0438\u043d\u0442\u0435\u0440 LifePrint 2x3", "action_flag": 2, "change_message": "[{\"changed\": {\"name\": \"\\u0424\\u043e\\u0442\\u043e\\u0433\\u0440\\u0430\\u0444\\u0438\\u044f\", \"object\": \"3\", \"fields\": [\"Is main\"]}}]"}}, {"model": "admin.logentry", "pk": 25, "fields": {"action_time": "2020-02-25T16:48:13.941Z", "user": 1, "content_type": 11, "object_id": "4", "object_repr": "\u041a\u0432\u0430\u0434\u0440\u043e\u043a\u043e\u043f\u0442\u0435\u0440 DJI Mavic 2 Pro + \u041f\u0443\u043b\u044c\u0442 Smart Controller", "action_flag": 2, "change_message": "[{\"changed\": {\"name\": \"\\u0424\\u043e\\u0442\\u043e\\u0433\\u0440\\u0430\\u0444\\u0438\\u044f\", \"object\": \"9\", \"fields\": [\"Is main\"]}}]"}}, {"model": "admin.logentry", "pk": 26, "fields": {"action_time": "2020-02-25T17:13:37.975Z", "user": 1, "content_type": 12, "object_id": "3", "object_repr": "3", "action_flag": 2, "change_message": "[{\"changed\": {\"fields\": [\"Image\"]}}]"}}, {"model": "admin.logentry", "pk": 27, "fields": {"action_time": "2020-02-25T17:13:48.123Z", "user": 1, "content_type": 12, "object_id": "4", "object_repr": "4", "action_flag": 3, "change_message": ""}}, {"model": "admin.logentry", "pk": 28, "fields": {"action_time": "2020-02-27T09:59:21.065Z", "user": 1, "content_type": 13, "object_id": "1", "object_repr": "copters", "action_flag": 1, "change_message": "[{\"added\": {}}]"}}, {"model": "admin.logentry", "pk": 29, "fields": {"action_time": "2020-02-27T09:59:38.197Z", "user": 1, "content_type": 13, "object_id": "1", "object_repr": "phones", "action_flag": 2, "change_message": "[{\"changed\": {\"fields\": [\"Name\"]}}]"}}, {"model": "admin.logentry", "pk": 30, "fields": {"action_time": "2020-02-27T09:59:59.909Z", "user": 1, "content_type": 13, "object_id": "2", "object_repr": "laptops", "action_flag": 1, "change_message": "[{\"added\": {}}]"}}, {"model": "admin.logentry", "pk": 31, "fields": {"action_time": "2020-02-27T10:00:12.306Z", "user": 1, "content_type": 11, "object_id": "1", "object_repr": "\u041c\u043e\u0431\u0438\u043b\u044c\u043d\u044b\u0439 \u043f\u0440\u0438\u043d\u0442\u0435\u0440 LifePrint 2x3", "action_flag": 2, "change_message": "[{\"changed\": {\"fields\": [\"Category\"]}}]"}}, {"model": "admin.logentry", "pk": 32, "fields": {"action_time": "2020-02-27T10:00:19.221Z", "user": 1, "content_type": 11, "object_id": "2", "object_repr": "MacBook Pro 16 /i7 2,6 GHz/16 Gb/512 Gb/Space Gray (MVVJ2R)", "action_flag": 2, "change_message": "[{\"changed\": {\"fields\": [\"Category\"]}}]"}}, {"model": "admin.logentry", "pk": 33, "fields": {"action_time": "2020-02-27T10:00:28.900Z", "user": 1, "content_type": 11, "object_id": "3", "object_repr": "Samsung Galaxy Z Flip \u0421\u0438\u044f\u044e\u0449\u0438\u0439 \u0410\u043c\u0435\u0442\u0438\u0441\u0442 256 Gb", "action_flag": 2, "change_message": "[{\"changed\": {\"fields\": [\"Category\"]}}]"}}, {"model": "admin.logentry", "pk": 34, "fields": {"action_time": "2020-02-27T10:00:36.294Z", "user": 1, "content_type": 11, "object_id": "4", "object_repr": "\u041a\u0432\u0430\u0434\u0440\u043e\u043a\u043e\u043f\u0442\u0435\u0440 DJI Mavic 2 Pro + \u041f\u0443\u043b\u044c\u0442 Smart Controller", "action_flag": 2, "change_message": "[{\"changed\": {\"fields\": [\"Category\"]}}]"}}, {"model": "admin.logentry", "pk": 35, "fields": {"action_time": "2020-02-27T10:02:04.192Z", "user": 1, "content_type": 11, "object_id": "3", "object_repr": "Samsung Galaxy Z Flip \u0421\u0438\u044f\u044e\u0449\u0438\u0439 \u0410\u043c\u0435\u0442\u0438\u0441\u0442 256 Gb", "action_flag": 2, "change_message": "[{\"changed\": {\"fields\": [\"Discount\"]}}]"}}, {"model": "admin.logentry", "pk": 36, "fields": {"action_time": "2020-03-07T12:10:25.471Z", "user": 1, "content_type": 14, "object_id": "19", "object_repr": "\u041c\u043e\u0431\u0438\u043b\u044c\u043d\u044b\u0439 \u043f\u0440\u0438\u043d\u0442\u0435\u0440 LifePrint 2x3", "action_flag": 3, "change_message": ""}}, {"model": "admin.logentry", "pk": 37, "fields": {"action_time": "2020-03-07T12:10:25.475Z", "user": 1, "content_type": 14, "object_id": "18", "object_repr": "\u041c\u043e\u0431\u0438\u043b\u044c\u043d\u044b\u0439 \u043f\u0440\u0438\u043d\u0442\u0435\u0440 LifePrint 2x3", "action_flag": 3, "change_message": ""}}, {"model": "admin.logentry", "pk": 38, "fields": {"action_time": "2020-03-07T12:10:25.476Z", "user": 1, "content_type": 14, "object_id": "17", "object_repr": "MacBook Pro 16 /i7 2,6 GHz/16 Gb/512 Gb/Space Gray (MVVJ2R)", "action_flag": 3, "change_message": ""}}, {"model": "admin.logentry", "pk": 39, "fields": {"action_time": "2020-03-07T12:10:25.478Z", "user": 1, "content_type": 14, "object_id": "16", "object_repr": "MacBook Pro 16 /i7 2,6 GHz/16 Gb/512 Gb/Space Gray (MVVJ2R)", "action_flag": 3, "change_message": ""}}, {"model": "admin.logentry", "pk": 40, "fields": {"action_time": "2020-03-07T12:10:25.479Z", "user": 1, "content_type": 14, "object_id": "15", "object_repr": "MacBook Pro 16 /i7 2,6 GHz/16 Gb/512 Gb/Space Gray (MVVJ2R)", "action_flag": 3, "change_message": ""}}, {"model": "admin.logentry", "pk": 41, "fields": {"action_time": "2020-03-07T12:10:25.480Z", "user": 1, "content_type": 14, "object_id": "14", "object_repr": "MacBook Pro 16 /i7 2,6 GHz/16 Gb/512 Gb/Space Gray (MVVJ2R)", "action_flag": 3, "change_message": ""}}, {"model": "admin.logentry", "pk": 42, "fields": {"action_time": "2020-03-07T12:10:25.481Z", "user": 1, "content_type": 14, "object_id": "13", "object_repr": "MacBook Pro 16 /i7 2,6 GHz/16 Gb/512 Gb/Space Gray (MVVJ2R)", "action_flag": 3, "change_message": ""}}, {"model": "admin.logentry", "pk": 43, "fields": {"action_time": "2020-03-07T12:10:25.482Z", "user": 1, "content_type": 14, "object_id": "12", "object_repr": "Samsung Galaxy Z Flip \u0421\u0438\u044f\u044e\u0449\u0438\u0439 \u0410\u043c\u0435\u0442\u0438\u0441\u0442 256 Gb", "action_flag": 3, "change_message": ""}}, {"model": "admin.logentry", "pk": 44, "fields": {"action_time": "2020-03-07T12:10:25.484Z", "user": 1, "content_type": 14, "object_id": "11", "object_repr": "Samsung Galaxy Z Flip \u0421\u0438\u044f\u044e\u0449\u0438\u0439 \u0410\u043c\u0435\u0442\u0438\u0441\u0442 256 Gb", "action_flag": 3, "change_message": ""}}, {"model": "admin.logentry", "pk": 45, "fields": {"action_time": "2020-03-07T12:10:25.485Z", "user": 1, "content_type": 14, "object_id": "10", "object_repr": "Samsung Galaxy Z Flip \u0421\u0438\u044f\u044e\u0449\u0438\u0439 \u0410\u043c\u0435\u0442\u0438\u0441\u0442 256 Gb", "action_flag": 3, "change_message": ""}}, {"model": "admin.logentry", "pk": 46, "fields": {"action_time": "2020-03-07T12:10:25.486Z", "user": 1, "content_type": 14, "object_id": "9", "object_repr": "Samsung Galaxy Z Flip \u0421\u0438\u044f\u044e\u0449\u0438\u0439 \u0410\u043c\u0435\u0442\u0438\u0441\u0442 256 Gb", "action_flag": 3, "change_message": ""}}, {"model": "admin.logentry", "pk": 47, "fields": {"action_time": "2020-03-07T12:10:25.487Z", "user": 1, "content_type": 14, "object_id": "8", "object_repr": "\u041c\u043e\u0431\u0438\u043b\u044c\u043d\u044b\u0439 \u043f\u0440\u0438\u043d\u0442\u0435\u0440 LifePrint 2x3", "action_flag": 3, "change_message": ""}}, {"model": "admin.logentry", "pk": 48, "fields": {"action_time": "2020-03-07T12:10:25.488Z", "user": 1, "content_type": 14, "object_id": "7", "object_repr": "\u041c\u043e\u0431\u0438\u043b\u044c\u043d\u044b\u0439 \u043f\u0440\u0438\u043d\u0442\u0435\u0440 LifePrint 2x3", "action_flag": 3, "change_message": ""}}, {"model": "admin.logentry", "pk": 49, "fields": {"action_time": "2020-03-07T12:10:25.489Z", "user": 1, "content_type": 14, "object_id": "6", "object_repr": "\u041c\u043e\u0431\u0438\u043b\u044c\u043d\u044b\u0439 \u043f\u0440\u0438\u043d\u0442\u0435\u0440 LifePrint 2x3", "action_flag": 3, "change_message": ""}}, {"model": "admin.logentry", "pk": 50, "fields": {"action_time": "2020-03-07T12:10:25.490Z", "user": 1, "content_type": 14, "object_id": "5", "object_repr": "\u041c\u043e\u0431\u0438\u043b\u044c\u043d\u044b\u0439 \u043f\u0440\u0438\u043d\u0442\u0435\u0440 LifePrint 2x3", "action_flag": 3, "change_message": ""}}, {"model": "admin.logentry", "pk": 51, "fields": {"action_time": "2020-03-07T12:10:25.491Z", "user": 1, "content_type": 14, "object_id": "4", "object_repr": "\u041c\u043e\u0431\u0438\u043b\u044c\u043d\u044b\u0439 \u043f\u0440\u0438\u043d\u0442\u0435\u0440 LifePrint 2x3", "action_flag": 3, "change_message": ""}}, {"model": "admin.logentry", "pk": 52, "fields": {"action_time": "2020-03-07T12:10:25.492Z", "user": 1, "content_type": 14, "object_id": "3", "object_repr": "\u041c\u043e\u0431\u0438\u043b\u044c\u043d\u044b\u0439 \u043f\u0440\u0438\u043d\u0442\u0435\u0440 LifePrint 2x3", "action_flag": 3, "change_message": ""}}, {"model": "admin.logentry", "pk": 53, "fields": {"action_time": "2020-03-07T12:10:25.493Z", "user": 1, "content_type": 14, "object_id": "2", "object_repr": "\u041c\u043e\u0431\u0438\u043b\u044c\u043d\u044b\u0439 \u043f\u0440\u0438\u043d\u0442\u0435\u0440 LifePrint 2x3", "action_flag": 3, "change_message": ""}}, {"model": "admin.logentry", "pk": 54, "fields": {"action_time": "2020-03-07T12:10:25.494Z", "user": 1, "content_type": 14, "object_id": "1", "object_repr": "\u041c\u043e\u0431\u0438\u043b\u044c\u043d\u044b\u0439 \u043f\u0440\u0438\u043d\u0442\u0435\u0440 LifePrint 2x3", "action_flag": 3, "change_message": ""}}, {"model": "admin.logentry", "pk": 55, "fields": {"action_time": "2020-03-07T13:02:00.489Z", "user": 1, "content_type": 14, "object_id": "21", "object_repr": "MacBook Pro 16 /i7 2,6 GHz/16 Gb/512 Gb/Space Gray (MVVJ2R)", "action_flag": 3, "change_message": ""}}, {"model": "admin.logentry", "pk": 56, "fields": {"action_time": "2020-03-07T13:02:00.492Z", "user": 1, "content_type": 14, "object_id": "20", "object_repr": "MacBook Pro 16 /i7 2,6 GHz/16 Gb/512 Gb/Space Gray (MVVJ2R)", "action_flag": 3, "change_message": ""}}, {"model": "admin.logentry", "pk": 57, "fields": {"action_time": "2020-07-04T18:16:14.547Z", "user": 1, "content_type": 13, "object_id": "3", "object_repr": "\u0431\u0443\u043a\u0435\u0442\u044b", "action_flag": 1, "change_message": "[{\"added\": {}}]"}}, {"model": "admin.logentry", "pk": 58, "fields": {"action_time": "2020-07-05T08:54:46.893Z", "user": 1, "content_type": 11, "object_id": "4", "object_repr": "\u041a\u0432\u0430\u0434\u0440\u043e\u043a\u043e\u043f\u0442\u0435\u0440 DJI Mavic 2 Pro + \u041f\u0443\u043b\u044c\u0442 Smart Controller", "action_flag": 2, "change_message": "[{\"changed\": {\"fields\": [\"Short description\", \"Is active\"]}}]"}}, {"model": "admin.logentry", "pk": 59, "fields": {"action_time": "2020-07-05T08:54:53.250Z", "user": 1, "content_type": 11, "object_id": "3", "object_repr": "Samsung Galaxy Z Flip \u0421\u0438\u044f\u044e\u0449\u0438\u0439 \u0410\u043c\u0435\u0442\u0438\u0441\u0442 256 Gb", "action_flag": 2, "change_message": "[{\"changed\": {\"fields\": [\"Is active\"]}}]"}}, {"model": "admin.logentry", "pk": 60, "fields": {"action_time": "2020-07-05T08:55:00.920Z", "user": 1, "content_type": 11, "object_id": "2", "object_repr": "MacBook Pro 16 /i7 2,6 GHz/16 Gb/512 Gb/Space Gray (MVVJ2R)", "action_flag": 2, "change_message": "[{\"changed\": {\"fields\": [\"Is active\"]}}]"}}, {"model": "admin.logentry", "pk": 61, "fields": {"action_time": "2020-07-05T08:55:10.907Z", "user": 1, "content_type": 11, "object_id": "1", "object_repr": "\u041c\u043e\u0431\u0438\u043b\u044c\u043d\u044b\u0439 \u043f\u0440\u0438\u043d\u0442\u0435\u0440 LifePrint 2x3", "action_flag": 2, "change_message": "[{\"changed\": {\"name\": \"\\u0424\\u043e\\u0442\\u043e\\u0433\\u0440\\u0430\\u0444\\u0438\\u044f\", \"object\": \"3\", \"fields\": [\"Is active\"]}}]"}}, {"model": "admin.logentry", "pk": 62, "fields": {"action_time": "2020-07-05T08:59:32.040Z", "user": 1, "content_type": 13, "object_id": "4", "object_repr": "\u043a\u043e\u0440\u0437\u0438\u043d\u044b", "action_flag": 1, "change_message": "[{\"added\": {}}]"}}, {"model": "admin.logentry", "pk": 63, "fields": {"action_time": "2020-07-06T09:05:04.352Z", "user": 1, "content_type": 11, "object_id": "5", "object_repr": "351 \u0431\u0435\u043b\u044b\u0439 \u043f\u0438\u043e\u043d \u0432 \u043a\u043e\u0440\u0437\u0438\u043d\u0435", "action_flag": 1, "change_message": "[{\"added\": {}}, {\"added\": {\"name\": \"\\u0424\\u043e\\u0442\\u043e\\u0433\\u0440\\u0430\\u0444\\u0438\\u044f\", \"object\": \"10\"}}, {\"added\": {\"name\": \"\\u0424\\u043e\\u0442\\u043e\\u0433\\u0440\\u0430\\u0444\\u0438\\u044f\", \"object\": \"11\"}}]"}}, {"model": "admin.logentry", "pk": 64, "fields": {"action_time": "2020-07-06T09:43:29.920Z", "user": 1, "content_type": 11, "object_id": "5", "object_repr": "351 \u0431\u0435\u043b\u044b\u0439 \u043f\u0438\u043e\u043d \u0432 \u043a\u043e\u0440\u0437\u0438\u043d\u0435", "action_flag": 2, "change_message": "[{\"changed\": {\"name\": \"\\u0424\\u043e\\u0442\\u043e\\u0433\\u0440\\u0430\\u0444\\u0438\\u044f\", \"object\": \"10\", \"fields\": [\"Is main\"]}}, {\"changed\": {\"name\": \"\\u0424\\u043e\\u0442\\u043e\\u0433\\u0440\\u0430\\u0444\\u0438\\u044f\", \"object\": \"11\", \"fields\": [\"Is main\"]}}]"}}, {"model": "admin.logentry", "pk": 65, "fields": {"action_time": "2020-07-11T08:16:28.213Z", "user": 1, "content_type": 11, "object_id": "6", "object_repr": "\u0411\u0443\u043a\u0435\u0442 \u0438\u0437 101 \u043e\u0442\u0431\u043e\u0440\u043d\u043e\u0433\u043e \u043f\u0438\u043e\u043d\u0430", "action_flag": 1, "change_message": "[{\"added\": {}}, {\"added\": {\"name\": \"\\u0424\\u043e\\u0442\\u043e\\u0433\\u0440\\u0430\\u0444\\u0438\\u044f\", \"object\": \"12\"}}, {\"added\": {\"name\": \"\\u0424\\u043e\\u0442\\u043e\\u0433\\u0440\\u0430\\u0444\\u0438\\u044f\", \"object\": \"13\"}}]"}}, {"model": "admin.logentry", "pk": 66, "fields": {"action_time": "2020-07-11T08:17:50.883Z", "user": 1, "content_type": 11, "object_id": "7", "object_repr": "\u0411\u0443\u043a\u0435\u0442 \u043a\u043e\u0441\u043c\u0438\u0447\u0435\u0441\u043a\u0438\u0445 \u0433\u043e\u0440\u0442\u0435\u043d\u0437\u0438\u0439", "action_flag": 1, "change_message": "[{\"added\": {}}, {\"added\": {\"name\": \"\\u0424\\u043e\\u0442\\u043e\\u0433\\u0440\\u0430\\u0444\\u0438\\u044f\", \"object\": \"14\"}}]"}}, {"model": "admin.logentry", "pk": 67, "fields": {"action_time": "2020-07-11T08:18:32.612Z", "user": 1, "content_type": 11, "object_id": "1", "object_repr": "\u041c\u043e\u0431\u0438\u043b\u044c\u043d\u044b\u0439 \u043f\u0440\u0438\u043d\u0442\u0435\u0440 LifePrint 2x3", "action_flag": 3, "change_message": ""}}, {"model": "admin.logentry", "pk": 68, "fields": {"action_time": "2020-07-11T08:18:40.673Z", "user": 1, "content_type": 11, "object_id": "2", "object_repr": "MacBook Pro 16 /i7 2,6 GHz/16 Gb/512 Gb/Space Gray (MVVJ2R)", "action_flag": 3, "change_message": ""}}, {"model": "admin.logentry", "pk": 69, "fields": {"action_time": "2020-07-11T08:18:48.922Z", "user": 1, "content_type": 11, "object_id": "3", "object_repr": "Samsung Galaxy Z Flip \u0421\u0438\u044f\u044e\u0449\u0438\u0439 \u0410\u043c\u0435\u0442\u0438\u0441\u0442 256 Gb", "action_flag": 3, "change_message": ""}}, {"model": "admin.logentry", "pk": 70, "fields": {"action_time": "2020-07-11T08:18:55.667Z", "user": 1, "content_type": 11, "object_id": "4", "object_repr": "\u041a\u0432\u0430\u0434\u0440\u043e\u043a\u043e\u043f\u0442\u0435\u0440 DJI Mavic 2 Pro + \u041f\u0443\u043b\u044c\u0442 Smart Controller", "action_flag": 3, "change_message": ""}}, {"model": "admin.logentry", "pk": 71, "fields": {"action_time": "2020-07-11T08:20:29.652Z", "user": 1, "content_type": 11, "object_id": "8", "object_repr": "\u0411\u0443\u043a\u0435\u0442 \u0438\u0437 251 \u0431\u0435\u043b\u043e\u0439 \u0440\u043e\u0437\u044b", "action_flag": 1, "change_message": "[{\"added\": {}}, {\"added\": {\"name\": \"\\u0424\\u043e\\u0442\\u043e\\u0433\\u0440\\u0430\\u0444\\u0438\\u044f\", \"object\": \"15\"}}, {\"added\": {\"name\": \"\\u0424\\u043e\\u0442\\u043e\\u0433\\u0440\\u0430\\u0444\\u0438\\u044f\", \"object\": \"16\"}}]"}}, {"model": "admin.logentry", "pk": 72, "fields": {"action_time": "2020-07-12T07:13:32.560Z", "user": 1, "content_type": 13, "object_id": "5", "object_repr": "\u043a\u043e\u0440\u043e\u0431\u043a\u0438", "action_flag": 1, "change_message": "[{\"added\": {}}]"}}, {"model": "admin.logentry", "pk": 73, "fields": {"action_time": "2020-07-12T07:13:43.144Z", "user": 1, "content_type": 11, "object_id": "9", "object_repr": "\u0420\u043e\u0437\u044b \u0432 \u043a\u043e\u0440\u043e\u0431\u043a\u0435", "action_flag": 1, "change_message": "[{\"added\": {}}, {\"added\": {\"name\": \"\\u0424\\u043e\\u0442\\u043e\\u0433\\u0440\\u0430\\u0444\\u0438\\u044f\", \"object\": \"17\"}}]"}}, {"model": "admin.logentry", "pk": 74, "fields": {"action_time": "2020-07-12T07:14:04.748Z", "user": 1, "content_type": 11, "object_id": "9", "object_repr": "\u0420\u043e\u0437\u044b \u0432 \u043a\u043e\u0440\u043e\u0431\u043a\u0435", "action_flag": 2, "change_message": "[{\"changed\": {\"name\": \"\\u0424\\u043e\\u0442\\u043e\\u0433\\u0440\\u0430\\u0444\\u0438\\u044f\", \"object\": \"17\", \"fields\": [\"Is main\"]}}]"}}, {"model": "admin.logentry", "pk": 75, "fields": {"action_time": "2020-07-12T11:52:12.497Z", "user": 1, "content_type": 11, "object_id": "5", "object_repr": "351 \u0431\u0435\u043b\u044b\u0439 \u043f\u0438\u043e\u043d \u0432 \u043a\u043e\u0440\u0437\u0438\u043d\u0435", "action_flag": 2, "change_message": "[{\"added\": {\"name\": \"\\u0424\\u043e\\u0442\\u043e\\u0433\\u0440\\u0430\\u0444\\u0438\\u044f\", \"object\": \"18\"}}, {\"changed\": {\"name\": \"\\u0424\\u043e\\u0442\\u043e\\u0433\\u0440\\u0430\\u0444\\u0438\\u044f\", \"object\": \"10\", \"fields\": [\"Is main\"]}}]"}}, {"model": "admin.logentry", "pk": 76, "fields": {"action_time": "2020-07-12T11:52:32.390Z", "user": 1, "content_type": 11, "object_id": "6", "object_repr": "\u0411\u0443\u043a\u0435\u0442 \u0438\u0437 101 \u043e\u0442\u0431\u043e\u0440\u043d\u043e\u0433\u043e \u043f\u0438\u043e\u043d\u0430", "action_flag": 2, "change_message": "[{\"added\": {\"name\": \"\\u0424\\u043e\\u0442\\u043e\\u0433\\u0440\\u0430\\u0444\\u0438\\u044f\", \"object\": \"19\"}}, {\"changed\": {\"name\": \"\\u0424\\u043e\\u0442\\u043e\\u0433\\u0440\\u0430\\u0444\\u0438\\u044f\", \"object\": \"12\", \"fields\": [\"Is main\"]}}]"}}, {"model": "admin.logentry", "pk": 77, "fields": {"action_time": "2020-07-12T11:52:56.759Z", "user": 1, "content_type": 11, "object_id": "7", "object_repr": "\u0411\u0443\u043a\u0435\u0442 \u043a\u043e\u0441\u043c\u0438\u0447\u0435\u0441\u043a\u0438\u0445 \u0433\u043e\u0440\u0442\u0435\u043d\u0437\u0438\u0439", "action_flag": 2, "change_message": "[{\"changed\": {\"name\": \"\\u0424\\u043e\\u0442\\u043e\\u0433\\u0440\\u0430\\u0444\\u0438\\u044f\", \"object\": \"14\", \"fields\": [\"Image\", \"Is main\"]}}]"}}, {"model": "admin.logentry", "pk": 78, "fields": {"action_time": "2020-07-12T11:53:23.398Z", "user": 1, "content_type": 11, "object_id": "7", "object_repr": "\u0411\u0443\u043a\u0435\u0442 \u043a\u043e\u0441\u043c\u0438\u0447\u0435\u0441\u043a\u0438\u0445 \u0433\u043e\u0440\u0442\u0435\u043d\u0437\u0438\u0439", "action_flag": 2, "change_message": "[]"}}, {"model": "admin.logentry", "pk": 79, "fields": {"action_time": "2020-07-12T11:53:45.322Z", "user": 1, "content_type": 11, "object_id": "8", "object_repr": "\u0411\u0443\u043a\u0435\u0442 \u0438\u0437 251 \u0431\u0435\u043b\u043e\u0439 \u0440\u043e\u0437\u044b", "action_flag": 2, "change_message": "[{\"added\": {\"name\": \"\\u0424\\u043e\\u0442\\u043e\\u0433\\u0440\\u0430\\u0444\\u0438\\u044f\", \"object\": \"20\"}}, {\"changed\": {\"name\": \"\\u0424\\u043e\\u0442\\u043e\\u0433\\u0440\\u0430\\u0444\\u0438\\u044f\", \"object\": \"15\", \"fields\": [\"Is main\"]}}]"}}, {"model": "admin.logentry", "pk": 80, "fields": {"action_time": "2020-07-12T11:54:06.142Z", "user": 1, "content_type": 11, "object_id": "9", "object_repr": "\u0420\u043e\u0437\u044b \u0432 \u043a\u043e\u0440\u043e\u0431\u043a\u0435", "action_flag": 2, "change_message": "[{\"added\": {\"name\": \"\\u0424\\u043e\\u0442\\u043e\\u0433\\u0440\\u0430\\u0444\\u0438\\u044f\", \"object\": \"21\"}}, {\"changed\": {\"name\": \"\\u0424\\u043e\\u0442\\u043e\\u0433\\u0440\\u0430\\u0444\\u0438\\u044f\", \"object\": \"17\", \"fields\": [\"Is main\"]}}]"}}, {"model": "admin.logentry", "pk": 81, "fields": {"action_time": "2020-07-12T11:54:23.724Z", "user": 1, "content_type": 11, "object_id": "7", "object_repr": "\u0411\u0443\u043a\u0435\u0442 \u043a\u043e\u0441\u043c\u0438\u0447\u0435\u0441\u043a\u0438\u0445 \u0433\u043e\u0440\u0442\u0435\u043d\u0437\u0438\u0439", "action_flag": 2, "change_message": "[{\"added\": {\"name\": \"\\u0424\\u043e\\u0442\\u043e\\u0433\\u0440\\u0430\\u0444\\u0438\\u044f\", \"object\": \"22\"}}, {\"changed\": {\"name\": \"\\u0424\\u043e\\u0442\\u043e\\u0433\\u0440\\u0430\\u0444\\u0438\\u044f\", \"object\": \"14\", \"fields\": [\"Is main\"]}}]"}}, {"model": "admin.logentry", "pk": 82, "fields": {"action_time": "2020-07-12T12:01:58.937Z", "user": 1, "content_type": 11, "object_id": "5", "object_repr": "351 \u0431\u0435\u043b\u044b\u0439 \u043f\u0438\u043e\u043d \u0432 \u043a\u043e\u0440\u0437\u0438\u043d\u0435", "action_flag": 2, "change_message": "[{\"changed\": {\"name\": \"\\u0424\\u043e\\u0442\\u043e\\u0433\\u0440\\u0430\\u0444\\u0438\\u044f\", \"object\": \"18\", \"fields\": [\"Image\"]}}]"}}, {"model": "admin.logentry", "pk": 83, "fields": {"action_time": "2020-07-12T12:02:25.938Z", "user": 1, "content_type": 11, "object_id": "6", "object_repr": "\u0411\u0443\u043a\u0435\u0442 \u0438\u0437 101 \u043e\u0442\u0431\u043e\u0440\u043d\u043e\u0433\u043e \u043f\u0438\u043e\u043d\u0430", "action_flag": 2, "change_message": "[{\"changed\": {\"name\": \"\\u0424\\u043e\\u0442\\u043e\\u0433\\u0440\\u0430\\u0444\\u0438\\u044f\", \"object\": \"19\", \"fields\": [\"Image\"]}}]"}}, {"model": "admin.logentry", "pk": 84, "fields": {"action_time": "2020-07-12T12:02:42.606Z", "user": 1, "content_type": 11, "object_id": "7", "object_repr": "\u0411\u0443\u043a\u0435\u0442 \u043a\u043e\u0441\u043c\u0438\u0447\u0435\u0441\u043a\u0438\u0445 \u0433\u043e\u0440\u0442\u0435\u043d\u0437\u0438\u0439", "action_flag": 2, "change_message": "[{\"changed\": {\"name\": \"\\u0424\\u043e\\u0442\\u043e\\u0433\\u0440\\u0430\\u0444\\u0438\\u044f\", \"object\": \"14\", \"fields\": [\"Image\"]}}]"}}, {"model": "admin.logentry", "pk": 85, "fields": {"action_time": "2020-07-12T12:02:45.824Z", "user": 1, "content_type": 11, "object_id": "7", "object_repr": "\u0411\u0443\u043a\u0435\u0442 \u043a\u043e\u0441\u043c\u0438\u0447\u0435\u0441\u043a\u0438\u0445 \u0433\u043e\u0440\u0442\u0435\u043d\u0437\u0438\u0439", "action_flag": 2, "change_message": "[]"}}, {"model": "admin.logentry", "pk": 86, "fields": {"action_time": "2020-07-12T12:02:58.609Z", "user": 1, "content_type": 11, "object_id": "8", "object_repr": "\u0411\u0443\u043a\u0435\u0442 \u0438\u0437 251 \u0431\u0435\u043b\u043e\u0439 \u0440\u043e\u0437\u044b", "action_flag": 2, "change_message": "[{\"changed\": {\"name\": \"\\u0424\\u043e\\u0442\\u043e\\u0433\\u0440\\u0430\\u0444\\u0438\\u044f\", \"object\": \"20\", \"fields\": [\"Image\"]}}]"}}, {"model": "admin.logentry", "pk": 87, "fields": {"action_time": "2020-07-12T12:03:17.456Z", "user": 1, "content_type": 11, "object_id": "9", "object_repr": "\u0420\u043e\u0437\u044b \u0432 \u043a\u043e\u0440\u043e\u0431\u043a\u0435", "action_flag": 2, "change_message": "[{\"changed\": {\"name\": \"\\u0424\\u043e\\u0442\\u043e\\u0433\\u0440\\u0430\\u0444\\u0438\\u044f\", \"object\": \"21\", \"fields\": [\"Image\"]}}]"}}]