[{"model": "contenttypes.contenttype", "pk": 1, "fields": {"app_label": "admin", "model": "logentry"}}, {"model": "contenttypes.contenttype", "pk": 2, "fields": {"app_label": "auth", "model": "permission"}}, {"model": "contenttypes.contenttype", "pk": 3, "fields": {"app_label": "auth", "model": "group"}}, {"model": "contenttypes.contenttype", "pk": 4, "fields": {"app_label": "auth", "model": "user"}}, {"model": "contenttypes.contenttype", "pk": 5, "fields": {"app_label": "contenttypes", "model": "contenttype"}}, {"model": "contenttypes.contenttype", "pk": 6, "fields": {"app_label": "sessions", "model": "session"}}, {"model": "contenttypes.contenttype", "pk": 7, "fields": {"app_label": "landing", "model": "subscriber"}}, {"model": "contenttypes.contenttype", "pk": 8, "fields": {"app_label": "orders", "model": "status"}}, {"model": "contenttypes.contenttype", "pk": 9, "fields": {"app_label": "orders", "model": "productinorder"}}, {"model": "contenttypes.contenttype", "pk": 10, "fields": {"app_label": "orders", "model": "order"}}, {"model": "contenttypes.contenttype", "pk": 11, "fields": {"app_label": "products", "model": "product"}}, {"model": "contenttypes.contenttype", "pk": 12, "fields": {"app_label": "products", "model": "productimage"}}, {"model": "contenttypes.contenttype", "pk": 13, "fields": {"app_label": "products", "model": "productcategory"}}, {"model": "contenttypes.contenttype", "pk": 14, "fields": {"app_label": "orders", "model": "productinbasket"}}, {"model": "sessions.session", "pk": "41gyi80apajvv97rdvuyuw0dd2hw5vls", "fields": {"session_data": "NTAyZTE3ZTY4YWYxNTI5ZjJjMTdiMTdhNDBmOTVjNjNhZGEwMjE0NTp7fQ==", "expire_date": "2020-03-26T14:50:08.702Z"}}, {"model": "sessions.session", "pk": "4ievvh5k2s2pq2isi009fxm2q45unaz8", "fields": {"session_data": "NTAyZTE3ZTY4YWYxNTI5ZjJjMTdiMTdhNDBmOTVjNjNhZGEwMjE0NTp7fQ==", "expire_date": "2020-03-24T13:21:51.410Z"}}, {"model": "sessions.session", "pk": "5lsnjbhs0d4hct1lwpdc3nlwkirjvvq2", "fields": {"session_data": "Njg2YzQzZTBhNDM2YWZlMzU3OGUwMzEyNTc0MTAyZjdmOTU3YTUwZTp7Il9hdXRoX3VzZXJfaWQiOiIxIiwiX2F1dGhfdXNlcl9iYWNrZW5kIjoiZGphbmdvLmNvbnRyaWIuYXV0aC5iYWNrZW5kcy5Nb2RlbEJhY2tlbmQiLCJfYXV0aF91c2VyX2hhc2giOiIxZWUwZTZjNGYyMGNiMjA5ZDU4NzYwYmJmNDFkNjc2MTI3NTA3MjEwIn0=", "expire_date": "2020-03-21T10:17:05.207Z"}}, {"model": "sessions.session", "pk": "5plff47yui8criy01qb5kjnn6rftbpq4", "fields": {"session_data": "NTAyZTE3ZTY4YWYxNTI5ZjJjMTdiMTdhNDBmOTVjNjNhZGEwMjE0NTp7fQ==", "expire_date": "2020-03-26T09:49:10.506Z"}}, {"model": "sessions.session", "pk": "6zzgxkoplpkszuu0s1d83ji5jf29gq43", "fields": {"session_data": "NTAyZTE3ZTY4YWYxNTI5ZjJjMTdiMTdhNDBmOTVjNjNhZGEwMjE0NTp7fQ==", "expire_date": "2020-03-24T17:26:07.304Z"}}, {"model": "sessions.session", "pk": "9aarbia3omc8hujod12kwraa82qefvrw", "fields": {"session_data": "Njg2YzQzZTBhNDM2YWZlMzU3OGUwMzEyNTc0MTAyZjdmOTU3YTUwZTp7Il9hdXRoX3VzZXJfaWQiOiIxIiwiX2F1dGhfdXNlcl9iYWNrZW5kIjoiZGphbmdvLmNvbnRyaWIuYXV0aC5iYWNrZW5kcy5Nb2RlbEJhY2tlbmQiLCJfYXV0aF91c2VyX2hhc2giOiIxZWUwZTZjNGYyMGNiMjA5ZDU4NzYwYmJmNDFkNjc2MTI3NTA3MjEwIn0=", "expire_date": "2020-03-08T16:41:49.502Z"}}, {"model": "sessions.session", "pk": "azij2x3151hudvjansd2un62y9gt9kn3", "fields": {"session_data": "Njg2YzQzZTBhNDM2YWZlMzU3OGUwMzEyNTc0MTAyZjdmOTU3YTUwZTp7Il9hdXRoX3VzZXJfaWQiOiIxIiwiX2F1dGhfdXNlcl9iYWNrZW5kIjoiZGphbmdvLmNvbnRyaWIuYXV0aC5iYWNrZW5kcy5Nb2RlbEJhY2tlbmQiLCJfYXV0aF91c2VyX2hhc2giOiIxZWUwZTZjNGYyMGNiMjA5ZDU4NzYwYmJmNDFkNjc2MTI3NTA3MjEwIn0=", "expire_date": "2020-03-11T13:28:23.981Z"}}, {"model": "sessions.session", "pk": "fk7ouejqgbw05uvlu6ygt9nd1veoz88e", "fields": {"session_data": "Njg2YzQzZTBhNDM2YWZlMzU3OGUwMzEyNTc0MTAyZjdmOTU3YTUwZTp7Il9hdXRoX3VzZXJfaWQiOiIxIiwiX2F1dGhfdXNlcl9iYWNrZW5kIjoiZGphbmdvLmNvbnRyaWIuYXV0aC5iYWNrZW5kcy5Nb2RlbEJhY2tlbmQiLCJfYXV0aF91c2VyX2hhc2giOiIxZWUwZTZjNGYyMGNiMjA5ZDU4NzYwYmJmNDFkNjc2MTI3NTA3MjEwIn0=", "expire_date": "2020-03-01T12:18:40.392Z"}}, {"model": "sessions.session", "pk": "ftd3lmkl7s1bxim43m43k5w84ey58dwi", "fields": {"session_data": "NTAyZTE3ZTY4YWYxNTI5ZjJjMTdiMTdhNDBmOTVjNjNhZGEwMjE0NTp7fQ==", "expire_date": "2020-03-26T10:14:27.121Z"}}, {"model": "sessions.session", "pk": "h5inascm6ibwiakceqlzytqnyoa15xfn", "fields": {"session_data": "NTAyZTE3ZTY4YWYxNTI5ZjJjMTdiMTdhNDBmOTVjNjNhZGEwMjE0NTp7fQ==", "expire_date": "2020-03-25T16:11:14.057Z"}}, {"model": "sessions.session", "pk": "h8h4fa8sx3qom97z519ud73dfko04mff", "fields": {"session_data": "Njg2YzQzZTBhNDM2YWZlMzU3OGUwMzEyNTc0MTAyZjdmOTU3YTUwZTp7Il9hdXRoX3VzZXJfaWQiOiIxIiwiX2F1dGhfdXNlcl9iYWNrZW5kIjoiZGphbmdvLmNvbnRyaWIuYXV0aC5iYWNrZW5kcy5Nb2RlbEJhY2tlbmQiLCJfYXV0aF91c2VyX2hhc2giOiIxZWUwZTZjNGYyMGNiMjA5ZDU4NzYwYmJmNDFkNjc2MTI3NTA3MjEwIn0=", "expire_date": "2020-03-26T11:02:24.063Z"}}, {"model": "sessions.session", "pk": "i3je2pzt15pm57n52tthj84i04ic5mjz", "fields": {"session_data": "Njg2YzQzZTBhNDM2YWZlMzU3OGUwMzEyNTc0MTAyZjdmOTU3YTUwZTp7Il9hdXRoX3VzZXJfaWQiOiIxIiwiX2F1dGhfdXNlcl9iYWNrZW5kIjoiZGphbmdvLmNvbnRyaWIuYXV0aC5iYWNrZW5kcy5Nb2RlbEJhY2tlbmQiLCJfYXV0aF91c2VyX2hhc2giOiIxZWUwZTZjNGYyMGNiMjA5ZDU4NzYwYmJmNDFkNjc2MTI3NTA3MjEwIn0=", "expire_date": "2020-03-22T16:44:43.237Z"}}, {"model": "sessions.session", "pk": "k1iugdoxpjeayxmpl4exmpus5efz2wv2", "fields": {"session_data": "NTAyZTE3ZTY4YWYxNTI5ZjJjMTdiMTdhNDBmOTVjNjNhZGEwMjE0NTp7fQ==", "expire_date": "2020-03-26T09:53:19.448Z"}}, {"model": "sessions.session", "pk": "n62bz3zvlvcycf6fq5xa3xyyy374loks", "fields": {"session_data": "Njg2YzQzZTBhNDM2YWZlMzU3OGUwMzEyNTc0MTAyZjdmOTU3YTUwZTp7Il9hdXRoX3VzZXJfaWQiOiIxIiwiX2F1dGhfdXNlcl9iYWNrZW5kIjoiZGphbmdvLmNvbnRyaWIuYXV0aC5iYWNrZW5kcy5Nb2RlbEJhY2tlbmQiLCJfYXV0aF91c2VyX2hhc2giOiIxZWUwZTZjNGYyMGNiMjA5ZDU4NzYwYmJmNDFkNjc2MTI3NTA3MjEwIn0=", "expire_date": "2020-03-21T12:08:33.754Z"}}, {"model": "sessions.session", "pk": "o5yugwu364guoaabdv7ba01doeeoran9", "fields": {"session_data": "NTAyZTE3ZTY4YWYxNTI5ZjJjMTdiMTdhNDBmOTVjNjNhZGEwMjE0NTp7fQ==", "expire_date": "2020-03-25T16:05:08.645Z"}}, {"model": "sessions.session", "pk": "oc33dmgdxslwtxp2nnkwpfb08xx8gttp", "fields": {"session_data": "Njg2YzQzZTBhNDM2YWZlMzU3OGUwMzEyNTc0MTAyZjdmOTU3YTUwZTp7Il9hdXRoX3VzZXJfaWQiOiIxIiwiX2F1dGhfdXNlcl9iYWNrZW5kIjoiZGphbmdvLmNvbnRyaWIuYXV0aC5iYWNrZW5kcy5Nb2RlbEJhY2tlbmQiLCJfYXV0aF91c2VyX2hhc2giOiIxZWUwZTZjNGYyMGNiMjA5ZDU4NzYwYmJmNDFkNjc2MTI3NTA3MjEwIn0=", "expire_date": "2020-03-26T10:07:37.737Z"}}, {"model": "sessions.session", "pk": "svizjid10m1jh7ng3zoiczhwoo0rq5g4", "fields": {"session_data": "Njg2YzQzZTBhNDM2YWZlMzU3OGUwMzEyNTc0MTAyZjdmOTU3YTUwZTp7Il9hdXRoX3VzZXJfaWQiOiIxIiwiX2F1dGhfdXNlcl9iYWNrZW5kIjoiZGphbmdvLmNvbnRyaWIuYXV0aC5iYWNrZW5kcy5Nb2RlbEJhY2tlbmQiLCJfYXV0aF91c2VyX2hhc2giOiIxZWUwZTZjNGYyMGNiMjA5ZDU4NzYwYmJmNDFkNjc2MTI3NTA3MjEwIn0=", "expire_date": "2020-03-25T14:27:19.154Z"}}, {"model": "sessions.session", "pk": "tjgoxhshy0416kt8he9xcrt4klh28o8d", "fields": {"session_data": "NTAyZTE3ZTY4YWYxNTI5ZjJjMTdiMTdhNDBmOTVjNjNhZGEwMjE0NTp7fQ==", "expire_date": "2020-03-24T15:06:16.337Z"}}, {"model": "sessions.session", "pk": "txgm3hib1nnq4078kh5uv6cjqq4l3akf", "fields": {"session_data": "NTAyZTE3ZTY4YWYxNTI5ZjJjMTdiMTdhNDBmOTVjNjNhZGEwMjE0NTp7fQ==", "expire_date": "2020-03-25T15:53:15.198Z"}}, {"model": "sessions.session", "pk": "u1zwjyew7eupp8mryt2dv2gmzgnlbmwe", "fields": {"session_data": "NTAyZTE3ZTY4YWYxNTI5ZjJjMTdiMTdhNDBmOTVjNjNhZGEwMjE0NTp7fQ==", "expire_date": "2020-03-25T16:02:28.973Z"}}, {"model": "sessions.session", "pk": "u6e71hsxaf11e9x6b5w93gt3gg6qtl41", "fields": {"session_data": "NTAyZTE3ZTY4YWYxNTI5ZjJjMTdiMTdhNDBmOTVjNjNhZGEwMjE0NTp7fQ==", "expire_date": "2020-03-24T15:20:10.313Z"}}, {"model": "sessions.session", "pk": "uv5grniuem9b81kc6wmhfyv2d9zfuh5c", "fields": {"session_data": "Njg2YzQzZTBhNDM2YWZlMzU3OGUwMzEyNTc0MTAyZjdmOTU3YTUwZTp7Il9hdXRoX3VzZXJfaWQiOiIxIiwiX2F1dGhfdXNlcl9iYWNrZW5kIjoiZGphbmdvLmNvbnRyaWIuYXV0aC5iYWNrZW5kcy5Nb2RlbEJhY2tlbmQiLCJfYXV0aF91c2VyX2hhc2giOiIxZWUwZTZjNGYyMGNiMjA5ZDU4NzYwYmJmNDFkNjc2MTI3NTA3MjEwIn0=", "expire_date": "2020-03-01T12:39:05.771Z"}}, {"model": "sessions.session", "pk": "uvh5r8kxml28z7kofybmmk73ezyozcj0", "fields": {"session_data": "NTAyZTE3ZTY4YWYxNTI5ZjJjMTdiMTdhNDBmOTVjNjNhZGEwMjE0NTp7fQ==", "expire_date": "2020-03-21T08:26:39.059Z"}}, {"model": "sessions.session", "pk": "w5iql3589ebt0aps4h8q1pdfoa2kzdnr", "fields": {"session_data": "NTAyZTE3ZTY4YWYxNTI5ZjJjMTdiMTdhNDBmOTVjNjNhZGEwMjE0NTp7fQ==", "expire_date": "2020-03-17T07:43:46.320Z"}}, {"model": "sessions.session", "pk": "xe558r7it0s7teize5ulyqry1hxe0vm2", "fields": {"session_data": "Njg2YzQzZTBhNDM2YWZlMzU3OGUwMzEyNTc0MTAyZjdmOTU3YTUwZTp7Il9hdXRoX3VzZXJfaWQiOiIxIiwiX2F1dGhfdXNlcl9iYWNrZW5kIjoiZGphbmdvLmNvbnRyaWIuYXV0aC5iYWNrZW5kcy5Nb2RlbEJhY2tlbmQiLCJfYXV0aF91c2VyX2hhc2giOiIxZWUwZTZjNGYyMGNiMjA5ZDU4NzYwYmJmNDFkNjc2MTI3NTA3MjEwIn0=", "expire_date": "2020-03-23T12:07:28.862Z"}}, {"model": "sessions.session", "pk": "xqsyrivp882p5zksxur9qxb2umr84tz1", "fields": {"session_data": "Njg2YzQzZTBhNDM2YWZlMzU3OGUwMzEyNTc0MTAyZjdmOTU3YTUwZTp7Il9hdXRoX3VzZXJfaWQiOiIxIiwiX2F1dGhfdXNlcl9iYWNrZW5kIjoiZGphbmdvLmNvbnRyaWIuYXV0aC5iYWNrZW5kcy5Nb2RlbEJhY2tlbmQiLCJfYXV0aF91c2VyX2hhc2giOiIxZWUwZTZjNGYyMGNiMjA5ZDU4NzYwYmJmNDFkNjc2MTI3NTA3MjEwIn0=", "expire_date": "2020-03-01T16:57:46.938Z"}}, {"model": "landing.subscriber", "pk": 1, "fields": {"email": "test@test.ru", "name": "Alex"}}, {"model": "landing.subscriber", "pk": 2, "fields": {"email": "test2@test.ru", "name": "test"}}, {"model": "landing.subscriber", "pk": 3, "fields": {"email": "test3@test.ru", "name": "test"}}, {"model": "landing.subscriber", "pk": 4, "fields": {"email": "test65@test.ru", "name": "test"}}, {"model": "landing.subscriber", "pk": 5, "fields": {"email": "evseev_alexey94@bk.ru", "name": "\u0410\u043b\u0435\u043a\u0441\u0435\u0439 \u0415\u0432\u0441\u0435\u0435\u0432"}}, {"model": "landing.subscriber", "pk": 6, "fields": {"email": "asdasda@asdasd.ru", "name": "asdasd"}}, {"model": "landing.subscriber", "pk": 7, "fields": {"email": "jjj@jjj.com", "name": "jjj"}}, {"model": "landing.subscriber", "pk": 8, "fields": {"email": "e-alexey94@yandex.ru", "name": "\u0410\u043b\u0435\u043a\u0441\u0435\u0439"}}, {"model": "orders.status", "pk": 1, "fields": {"name": "\u041d\u043e\u0432\u044b\u0439", "is_active": true, "created": "2020-02-20T11:53:30.007Z", "updated": "2020-02-20T11:53:30.007Z"}}, {"model": "orders.status", "pk": 2, "fields": {"name": "\u0412 \u0440\u0430\u0431\u043e\u0442\u0435", "is_active": true, "created": "2020-02-20T11:53:35.904Z", "updated": "2020-02-20T11:53:35.904Z"}}, {"model": "orders.status", "pk": 3, "fields": {"name": "\u041e\u0442\u043c\u0435\u043d\u0435\u043d", "is_active": true, "created": "2020-02-20T11:53:42.213Z", "updated": "2020-02-20T11:53:42.213Z"}}, {"model": "orders.status", "pk": 4, "fields": {"name": "\u0417\u0430\u043a\u0440\u044b\u0442", "is_active": true, "created": "2020-02-20T11:53:49.096Z", "updated": "2020-02-20T11:53:49.096Z"}}, {"model": "orders.productinorder", "pk": 2, "fields": {"order": 1, "product": 2, "nmb": 2, "price_per_item": "164990.00", "total_price": "329980.00", "is_active": true, "created": "2020-02-24T11:39:05.144Z", "updated": "2020-02-24T11:39:17.037Z"}}, {"model": "orders.productinorder", "pk": 3, "fields": {"order": 1, "product": 1, "nmb": 1, "price_per_item": "10490.00", "total_price": "10490.00", "is_active": true, "created": "2020-02-24T11:39:40.006Z", "updated": "2020-02-24T11:39:40.006Z"}}, {"model": "orders.productinorder", "pk": 4, "fields": {"order": 2, "product": 2, "nmb": 1, "price_per_item": "164990.00", "total_price": "164990.00", "is_active": true, "created": "2020-03-12T12:04:20.545Z", "updated": "2020-03-12T12:04:20.545Z"}}, {"model": "orders.productinorder", "pk": 5, "fields": {"order": 2, "product": 3, "nmb": 1, "price_per_item": "119990.00", "total_price": "119990.00", "is_active": true, "created": "2020-03-12T12:04:20.555Z", "updated": "2020-03-12T12:04:20.555Z"}}, {"model": "orders.productinorder", "pk": 6, "fields": {"order": 3, "product": 2, "nmb": 1, "price_per_item": "164990.00", "total_price": "164990.00", "is_active": true, "created": "2020-03-12T12:05:11.072Z", "updated": "2020-03-12T12:05:11.072Z"}}, {"model": "orders.productinorder", "pk": 7, "fields": {"order": 3, "product": 3, "nmb": 1, "price_per_item": "119990.00", "total_price": "119990.00", "is_active": true, "created": "2020-03-12T12:05:11.080Z", "updated": "2020-03-12T12:05:11.080Z"}}, {"model": "orders.productinorder", "pk": 8, "fields": {"order": 4, "product": 2, "nmb": 1, "price_per_item": "164990.00", "total_price": "164990.00", "is_active": true, "created": "2020-03-12T12:05:37.896Z", "updated": "2020-03-12T12:05:37.896Z"}}, {"model": "orders.productinorder", "pk": 9, "fields": {"order": 4, "product": 3, "nmb": 1, "price_per_item": "119990.00", "total_price": "119990.00", "is_active": true, "created": "2020-03-12T12:05:37.904Z", "updated": "2020-03-12T12:05:37.904Z"}}, {"model": "orders.productinorder", "pk": 10, "fields": {"order": 5, "product": 2, "nmb": 1, "price_per_item": "164990.00", "total_price": "164990.00", "is_active": true, "created": "2020-03-12T12:47:46.968Z", "updated": "2020-03-12T12:47:46.968Z"}}, {"model": "orders.productinorder", "pk": 11, "fields": {"order": 5, "product": 3, "nmb": 1, "price_per_item": "119990.00", "total_price": "119990.00", "is_active": true, "created": "2020-03-12T12:47:46.976Z", "updated": "2020-03-12T12:47:46.976Z"}}, {"model": "orders.productinorder", "pk": 12, "fields": {"order": 6, "product": 2, "nmb": 1, "price_per_item": "164990.00", "total_price": "164990.00", "is_active": true, "created": "2020-03-12T12:48:08.859Z", "updated": "2020-03-12T12:48:08.859Z"}}, {"model": "orders.productinorder", "pk": 13, "fields": {"order": 6, "product": 3, "nmb": 2, "price_per_item": "119990.00", "total_price": "239980.00", "is_active": true, "created": "2020-03-12T12:48:08.866Z", "updated": "2020-03-12T12:48:08.866Z"}}, {"model": "orders.productinorder", "pk": 14, "fields": {"order": 7, "product": 2, "nmb": 1, "price_per_item": "164990.00", "total_price": "164990.00", "is_active": true, "created": "2020-03-12T12:48:47.554Z", "updated": "2020-03-12T12:48:47.554Z"}}, {"model": "orders.productinorder", "pk": 15, "fields": {"order": 7, "product": 3, "nmb": 3, "price_per_item": "119990.00", "total_price": "359970.00", "is_active": true, "created": "2020-03-12T12:48:47.563Z", "updated": "2020-03-12T12:48:47.563Z"}}, {"model": "orders.productinorder", "pk": 16, "fields": {"order": 8, "product": 4, "nmb": 1, "price_per_item": "127990.00", "total_price": "127990.00", "is_active": true, "created": "2020-03-12T14:53:41.667Z", "updated": "2020-03-12T14:53:41.667Z"}}, {"model": "orders.productinorder", "pk": 17, "fields": {"order": 8, "product": 3, "nmb": 4, "price_per_item": "119990.00", "total_price": "479960.00", "is_active": true, "created": "2020-03-12T14:53:41.677Z", "updated": "2020-03-12T14:53:41.678Z"}}, {"model": "orders.productinorder", "pk": 18, "fields": {"order": 9, "product": 2, "nmb": 5, "price_per_item": "164990.00", "total_price": "824950.00", "is_active": true, "created": "2020-03-12T20:47:03.735Z", "updated": "2020-03-12T20:47:03.735Z"}}, {"model": "orders.productinorder", "pk": 19, "fields": {"order": 9, "product": 1, "nmb": 1, "price_per_item": "10490.00", "total_price": "10490.00", "is_active": true, "created": "2020-03-12T20:47:03.746Z", "updated": "2020-03-12T20:47:03.746Z"}}, {"model": "orders.productinbasket", "pk": 22, "fields": {"session_key": "n62bz3zvlvcycf6fq5xa3xyyy374loks", "order": null, "product": 2, "nmb": 6, "price_per_item": "164990.00", "total_price": "989940.00", "is_active": true, "created": "2020-03-07T13:02:10.973Z", "updated": "2020-03-07T13:29:04.418Z"}}, {"model": "orders.productinbasket", "pk": 23, "fields": {"session_key": "n62bz3zvlvcycf6fq5xa3xyyy374loks", "order": null, "product": 4, "nmb": 9, "price_per_item": "127990.00", "total_price": "1151910.00", "is_active": true, "created": "2020-03-07T13:13:45.725Z", "updated": "2020-03-07T14:05:54.045Z"}}, {"model": "orders.productinbasket", "pk": 24, "fields": {"session_key": "n62bz3zvlvcycf6fq5xa3xyyy374loks", "order": null, "product": 1, "nmb": 5, "price_per_item": "10490.00", "total_price": "52450.00", "is_active": true, "created": "2020-03-07T13:30:06.478Z", "updated": "2020-03-07T13:30:22.861Z"}}, {"model": "orders.productinbasket", "pk": 25, "fields": {"session_key": "n62bz3zvlvcycf6fq5xa3xyyy374loks", "order": null, "product": 3, "nmb": 19, "price_per_item": "119990.00", "total_price": "2279810.00", "is_active": true, "created": "2020-03-07T13:32:16.144Z", "updated": "2020-03-07T14:56:58.163Z"}}, {"model": "orders.productinbasket", "pk": 26, "fields": {"session_key": "uvh5r8kxml28z7kofybmmk73ezyozcj0", "order": null, "product": 2, "nmb": 2, "price_per_item": "164990.00", "total_price": "329980.00", "is_active": true, "created": "2020-03-07T15:32:03.990Z", "updated": "2020-03-07T15:32:03.990Z"}}, {"model": "orders.productinbasket", "pk": 27, "fields": {"session_key": "yd27s5a7t181a1is6qhurr4h48kku3j6", "order": null, "product": 2, "nmb": 3, "price_per_item": "164990.00", "total_price": "494970.00", "is_active": true, "created": "2020-03-08T16:16:36.675Z", "updated": "2020-03-08T16:17:00.656Z"}}, {"model": "orders.productinbasket", "pk": 28, "fields": {"session_key": "yd27s5a7t181a1is6qhurr4h48kku3j6", "order": null, "product": 1, "nmb": 4, "price_per_item": "10490.00", "total_price": "41960.00", "is_active": true, "created": "2020-03-08T16:29:28.765Z", "updated": "2020-03-08T16:44:11.168Z"}}, {"model": "orders.productinbasket", "pk": 29, "fields": {"session_key": "yd27s5a7t181a1is6qhurr4h48kku3j6", "order": null, "product": 4, "nmb": 3, "price_per_item": "127990.00", "total_price": "383970.00", "is_active": true, "created": "2020-03-08T16:30:28.957Z", "updated": "2020-03-08T16:30:40.420Z"}}, {"model": "orders.productinbasket", "pk": 30, "fields": {"session_key": "i3je2pzt15pm57n52tthj84i04ic5mjz", "order": null, "product": 1, "nmb": 3, "price_per_item": "10490.00", "total_price": "31470.00", "is_active": true, "created": "2020-03-08T16:45:44.101Z", "updated": "2020-03-08T16:45:48.820Z"}}, {"model": "orders.productinbasket", "pk": 31, "fields": {"session_key": "i3je2pzt15pm57n52tthj84i04ic5mjz", "order": null, "product": 3, "nmb": 3, "price_per_item": "119990.00", "total_price": "359970.00", "is_active": true, "created": "2020-03-08T16:46:00.596Z", "updated": "2020-03-08T16:51:55.245Z"}}, {"model": "orders.productinbasket", "pk": 32, "fields": {"session_key": "v3tjt717p88s3sray22m6tqxp4imq1h0", "order": null, "product": 2, "nmb": 25, "price_per_item": "164990.00", "total_price": "4124750.00", "is_active": false, "created": "2020-03-08T16:55:48.978Z", "updated": "2020-03-09T12:06:25.081Z"}}, {"model": "orders.productinbasket", "pk": 33, "fields": {"session_key": "v3tjt717p88s3sray22m6tqxp4imq1h0", "order": null, "product": 1, "nmb": 2, "price_per_item": "10490.00", "total_price": "20980.00", "is_active": false, "created": "2020-03-08T17:07:22.942Z", "updated": "2020-03-08T17:07:25.549Z"}}, {"model": "orders.productinbasket", "pk": 34, "fields": {"session_key": "v3tjt717p88s3sray22m6tqxp4imq1h0", "order": null, "product": 3, "nmb": 3, "price_per_item": "119990.00", "total_price": "359970.00", "is_active": false, "created": "2020-03-08T17:07:35.612Z", "updated": "2020-03-08T17:31:32.432Z"}}, {"model": "orders.productinbasket", "pk": 35, "fields": {"session_key": "xe558r7it0s7teize5ulyqry1hxe0vm2", "order": null, "product": 2, "nmb": 0, "price_per_item": "164990.00", "total_price": "494970.00", "is_active": false, "created": "2020-03-09T12:09:05.394Z", "updated": "2020-03-10T10:39:51.572Z"}}, {"model": "orders.productinbasket", "pk": 36, "fields": {"session_key": "xe558r7it0s7teize5ulyqry1hxe0vm2", "order": null, "product": 4, "nmb": 0, "price_per_item": "127990.00", "total_price": "511960.00", "is_active": false, "created": "2020-03-09T16:32:16.791Z", "updated": "2020-03-10T10:08:23.318Z"}}, {"model": "orders.productinbasket", "pk": 37, "fields": {"session_key": "xe558r7it0s7teize5ulyqry1hxe0vm2", "order": null, "product": 3, "nmb": 0, "price_per_item": "119990.00", "total_price": "119990.00", "is_active": false, "created": "2020-03-09T16:38:10.959Z", "updated": "2020-03-09T17:30:44.574Z"}}, {"model": "orders.productinbasket", "pk": 38, "fields": {"session_key": "xe558r7it0s7teize5ulyqry1hxe0vm2", "order": null, "product": 1, "nmb": 1, "price_per_item": "10490.00", "total_price": "10490.00", "is_active": true, "created": "2020-03-09T16:38:18.745Z", "updated": "2020-03-10T10:08:01.871Z"}}, {"model": "orders.productinbasket", "pk": 39, "fields": {"session_key": "4ievvh5k2s2pq2isi009fxm2q45unaz8", "order": null, "product": 2, "nmb": 1, "price_per_item": "164990.00", "total_price": "164990.00", "is_active": true, "created": "2020-03-10T13:21:58.038Z", "updated": "2020-03-10T13:52:12.327Z"}}, {"model": "orders.productinbasket", "pk": 40, "fields": {"session_key": "4ievvh5k2s2pq2isi009fxm2q45unaz8", "order": null, "product": 3, "nmb": 1, "price_per_item": "119990.00", "total_price": "119990.00", "is_active": true, "created": "2020-03-10T13:52:02.457Z", "updated": "2020-03-10T13:52:02.457Z"}}, {"model": "orders.productinbasket", "pk": 41, "fields": {"session_key": "4ievvh5k2s2pq2isi009fxm2q45unaz8", "order": null, "product": 1, "nmb": 1, "price_per_item": "10490.00", "total_price": "10490.00", "is_active": true, "created": "2020-03-10T13:52:07.932Z", "updated": "2020-03-10T13:52:07.932Z"}}, {"model": "orders.productinbasket", "pk": 42, "fields": {"session_key": "tjgoxhshy0416kt8he9xcrt4klh28o8d", "order": null, "product": 2, "nmb": 0, "price_per_item": "164990.00", "total_price": "164990.00", "is_active": false, "created": "2020-03-10T15:06:20.500Z", "updated": "2020-03-10T15:06:20.500Z"}}, {"model": "orders.productinbasket", "pk": 43, "fields": {"session_key": "tjgoxhshy0416kt8he9xcrt4klh28o8d", "order": null, "product": 1, "nmb": 1, "price_per_item": "10490.00", "total_price": "10490.00", "is_active": true, "created": "2020-03-10T15:06:25.925Z", "updated": "2020-03-10T15:06:25.925Z"}}, {"model": "orders.productinbasket", "pk": 44, "fields": {"session_key": "tjgoxhshy0416kt8he9xcrt4klh28o8d", "order": null, "product": 3, "nmb": 1, "price_per_item": "119990.00", "total_price": "119990.00", "is_active": true, "created": "2020-03-10T15:07:10.818Z", "updated": "2020-03-10T15:07:10.818Z"}}, {"model": "orders.productinbasket", "pk": 45, "fields": {"session_key": "u6e71hsxaf11e9x6b5w93gt3gg6qtl41", "order": null, "product": 2, "nmb": 2, "price_per_item": "164990.00", "total_price": "329980.00", "is_active": true, "created": "2020-03-10T15:20:22.409Z", "updated": "2020-03-10T15:20:22.409Z"}}, {"model": "orders.productinbasket", "pk": 46, "fields": {"session_key": "u6e71hsxaf11e9x6b5w93gt3gg6qtl41", "order": null, "product": 1, "nmb": 1, "price_per_item": "10490.00", "total_price": "10490.00", "is_active": true, "created": "2020-03-10T15:20:27.696Z", "updated": "2020-03-10T15:20:27.696Z"}}, {"model": "orders.productinbasket", "pk": 47, "fields": {"session_key": "6zzgxkoplpkszuu0s1d83ji5jf29gq43", "order": null, "product": 2, "nmb": 0, "price_per_item": "164990.00", "total_price": "164990.00", "is_active": false, "created": "2020-03-10T17:26:14.143Z", "updated": "2020-03-11T17:05:13.183Z"}}, {"model": "orders.productinbasket", "pk": 48, "fields": {"session_key": "6zzgxkoplpkszuu0s1d83ji5jf29gq43", "order": null, "product": 1, "nmb": 0, "price_per_item": "10490.00", "total_price": "20980.00", "is_active": false, "created": "2020-03-10T17:26:20.985Z", "updated": "2020-03-10T17:26:20.985Z"}}, {"model": "orders.productinbasket", "pk": 49, "fields": {"session_key": "2wdhs79hx4qigmegz0a4qja5agwi9mek", "order": null, "product": 3, "nmb": 1, "price_per_item": "119990.00", "total_price": "119990.00", "is_active": true, "created": "2020-03-11T14:26:22.001Z", "updated": "2020-03-11T14:28:16.917Z"}}, {"model": "orders.productinbasket", "pk": 50, "fields": {"session_key": "2wdhs79hx4qigmegz0a4qja5agwi9mek", "order": null, "product": 1, "nmb": 0, "price_per_item": "10490.00", "total_price": "20980.00", "is_active": false, "created": "2020-03-11T14:26:43.491Z", "updated": "2020-03-11T14:26:43.491Z"}}, {"model": "orders.productinbasket", "pk": 51, "fields": {"session_key": "2wdhs79hx4qigmegz0a4qja5agwi9mek", "order": null, "product": 4, "nmb": 3, "price_per_item": "127990.00", "total_price": "383970.00", "is_active": true, "created": "2020-03-11T14:26:59.866Z", "updated": "2020-03-11T14:27:41.908Z"}}, {"model": "orders.productinbasket", "pk": 52, "fields": {"session_key": "svizjid10m1jh7ng3zoiczhwoo0rq5g4", "order": null, "product": 1, "nmb": 0, "price_per_item": "10490.00", "total_price": "20980.00", "is_active": false, "created": "2020-03-11T14:42:06.366Z", "updated": "2020-03-11T14:42:06.366Z"}}, {"model": "orders.productinbasket", "pk": 53, "fields": {"session_key": "svizjid10m1jh7ng3zoiczhwoo0rq5g4", "order": null, "product": 3, "nmb": 4, "price_per_item": "119990.00", "total_price": "479960.00", "is_active": true, "created": "2020-03-11T14:42:14.812Z", "updated": "2020-03-11T14:59:15.035Z"}}, {"model": "orders.productinbasket", "pk": 54, "fields": {"session_key": "txgm3hib1nnq4078kh5uv6cjqq4l3akf", "order": null, "product": 1, "nmb": 1, "price_per_item": "10490.00", "total_price": "10490.00", "is_active": true, "created": "2020-03-11T15:56:33.499Z", "updated": "2020-03-11T15:56:33.499Z"}}, {"model": "orders.productinbasket", "pk": 55, "fields": {"session_key": "txgm3hib1nnq4078kh5uv6cjqq4l3akf", "order": null, "product": 3, "nmb": 1, "price_per_item": "119990.00", "total_price": "119990.00", "is_active": true, "created": "2020-03-11T15:56:40.457Z", "updated": "2020-03-11T15:56:40.457Z"}}, {"model": "orders.productinbasket", "pk": 56, "fields": {"session_key": "u1zwjyew7eupp8mryt2dv2gmzgnlbmwe", "order": null, "product": 2, "nmb": 1, "price_per_item": "164990.00", "total_price": "164990.00", "is_active": true, "created": "2020-03-11T16:02:34.578Z", "updated": "2020-03-11T16:02:34.578Z"}}, {"model": "orders.productinbasket", "pk": 57, "fields": {"session_key": "u1zwjyew7eupp8mryt2dv2gmzgnlbmwe", "order": null, "product": 4, "nmb": 1, "price_per_item": "127990.00", "total_price": "127990.00", "is_active": true, "created": "2020-03-11T16:02:40.772Z", "updated": "2020-03-11T16:02:40.772Z"}}, {"model": "orders.productinbasket", "pk": 58, "fields": {"session_key": "o5yugwu364guoaabdv7ba01doeeoran9", "order": null, "product": 2, "nmb": 1, "price_per_item": "164990.00", "total_price": "164990.00", "is_active": true, "created": "2020-03-11T16:05:16.017Z", "updated": "2020-03-11T16:05:16.017Z"}}, {"model": "orders.productinbasket", "pk": 59, "fields": {"session_key": "o5yugwu364guoaabdv7ba01doeeoran9", "order": null, "product": 4, "nmb": 1, "price_per_item": "127990.00", "total_price": "127990.00", "is_active": true, "created": "2020-03-11T16:05:22.897Z", "updated": "2020-03-11T16:05:22.897Z"}}, {"model": "orders.productinbasket", "pk": 60, "fields": {"session_key": "h5inascm6ibwiakceqlzytqnyoa15xfn", "order": null, "product": 2, "nmb": 1, "price_per_item": "164990.00", "total_price": "164990.00", "is_active": true, "created": "2020-03-11T16:11:19.856Z", "updated": "2020-03-11T16:11:19.856Z"}}, {"model": "orders.productinbasket", "pk": 61, "fields": {"session_key": "h5inascm6ibwiakceqlzytqnyoa15xfn", "order": null, "product": 3, "nmb": 1, "price_per_item": "119990.00", "total_price": "119990.00", "is_active": true, "created": "2020-03-11T16:11:24.610Z", "updated": "2020-03-11T16:11:24.610Z"}}, {"model": "orders.productinbasket", "pk": 62, "fields": {"session_key": "6zzgxkoplpkszuu0s1d83ji5jf29gq43", "order": null, "product": 4, "nmb": 3, "price_per_item": "127990.00", "total_price": "383970.00", "is_active": true, "created": "2020-03-11T17:05:19.488Z", "updated": "2020-03-11T17:05:24.529Z"}}, {"model": "orders.productinbasket", "pk": 63, "fields": {"session_key": "6zzgxkoplpkszuu0s1d83ji5jf29gq43", "order": null, "product": 3, "nmb": 1, "price_per_item": "119990.00", "total_price": "119990.00", "is_active": true, "created": "2020-03-11T18:02:08.990Z", "updated": "2020-03-11T18:02:08.990Z"}}, {"model": "orders.productinbasket", "pk": 64, "fields": {"session_key": "5plff47yui8criy01qb5kjnn6rftbpq4", "order": null, "product": 3, "nmb": 1, "price_per_item": "119990.00", "total_price": "119990.00", "is_active": true, "created": "2020-03-12T09:49:14.843Z", "updated": "2020-03-12T09:49:24.338Z"}}, {"model": "orders.productinbasket", "pk": 65, "fields": {"session_key": "5plff47yui8criy01qb5kjnn6rftbpq4", "order": null, "product": 1, "nmb": 1, "price_per_item": "10490.00", "total_price": "10490.00", "is_active": true, "created": "2020-03-12T09:49:30.996Z", "updated": "2020-03-12T09:49:30.996Z"}}, {"model": "orders.productinbasket", "pk": 66, "fields": {"session_key": "k1iugdoxpjeayxmpl4exmpus5efz2wv2", "order": null, "product": 3, "nmb": 1, "price_per_item": "119990.00", "total_price": "119990.00", "is_active": true, "created": "2020-03-12T09:53:23.179Z", "updated": "2020-03-12T09:53:28.650Z"}}, {"model": "orders.productinbasket", "pk": 67, "fields": {"session_key": "k1iugdoxpjeayxmpl4exmpus5efz2wv2", "order": null, "product": 4, "nmb": 1, "price_per_item": "127990.00", "total_price": "127990.00", "is_active": true, "created": "2020-03-12T09:53:33.584Z", "updated": "2020-03-12T09:53:33.584Z"}}, {"model": "orders.productinbasket", "pk": 68, "fields": {"session_key": "hp4h2dcdhsi0r721vt24n1ap6lbjaxxn", "order": null, "product": 2, "nmb": 0, "price_per_item": "164990.00", "total_price": "659960.00", "is_active": false, "created": "2020-03-12T09:56:18.802Z", "updated": "2020-03-12T09:58:53.518Z"}}, {"model": "orders.productinbasket", "pk": 69, "fields": {"session_key": "hp4h2dcdhsi0r721vt24n1ap6lbjaxxn", "order": null, "product": 4, "nmb": 0, "price_per_item": "127990.00", "total_price": "127990.00", "is_active": false, "created": "2020-03-12T09:56:24.992Z", "updated": "2020-03-12T09:56:24.992Z"}}, {"model": "orders.productinbasket", "pk": 70, "fields": {"session_key": "ftd3lmkl7s1bxim43m43k5w84ey58dwi", "order": null, "product": 3, "nmb": 0, "price_per_item": "119990.00", "total_price": "239980.00", "is_active": false, "created": "2020-03-12T10:25:47.795Z", "updated": "2020-03-12T10:25:51.074Z"}}, {"model": "orders.productinbasket", "pk": 71, "fields": {"session_key": "ftd3lmkl7s1bxim43m43k5w84ey58dwi", "order": null, "product": 2, "nmb": 1, "price_per_item": "164990.00", "total_price": "164990.00", "is_active": true, "created": "2020-03-12T10:25:58.803Z", "updated": "2020-03-12T10:25:58.803Z"}}, {"model": "orders.productinbasket", "pk": 72, "fields": {"session_key": "ftd3lmkl7s1bxim43m43k5w84ey58dwi", "order": null, "product": 4, "nmb": 1, "price_per_item": "127990.00", "total_price": "127990.00", "is_active": true, "created": "2020-03-12T10:26:09.036Z", "updated": "2020-03-12T10:26:09.036Z"}}, {"model": "orders.productinbasket", "pk": 73, "fields": {"session_key": "tijr7jshi56vdg3p01ign03au4q35kqz", "order": null, "product": 2, "nmb": 0, "price_per_item": "164990.00", "total_price": "164990.00", "is_active": false, "created": "2020-03-12T10:32:05.061Z", "updated": "2020-03-12T10:53:17.361Z"}}, {"model": "orders.productinbasket", "pk": 74, "fields": {"session_key": "tijr7jshi56vdg3p01ign03au4q35kqz", "order": null, "product": 1, "nmb": 0, "price_per_item": "10490.00", "total_price": "10490.00", "is_active": false, "created": "2020-03-12T10:32:48.312Z", "updated": "2020-03-12T10:52:58.504Z"}}, {"model": "orders.productinbasket", "pk": 75, "fields": {"session_key": "tijr7jshi56vdg3p01ign03au4q35kqz", "order": null, "product": 4, "nmb": 2, "price_per_item": "127990.00", "total_price": "255980.00", "is_active": true, "created": "2020-03-12T10:36:30.032Z", "updated": "2020-03-12T10:53:11.569Z"}}, {"model": "orders.productinbasket", "pk": 76, "fields": {"session_key": "tijr7jshi56vdg3p01ign03au4q35kqz", "order": null, "product": 3, "nmb": 0, "price_per_item": "119990.00", "total_price": "119990.00", "is_active": false, "created": "2020-03-12T10:48:17.277Z", "updated": "2020-03-12T10:48:17.277Z"}}, {"model": "orders.productinbasket", "pk": 77, "fields": {"session_key": "h8h4fa8sx3qom97z519ud73dfko04mff", "order": 9, "product": 2, "nmb": 5, "price_per_item": "164990.00", "total_price": "824950.00", "is_active": true, "created": "2020-03-12T11:40:43.491Z", "updated": "2020-03-12T20:47:03.732Z"}}, {"model": "orders.productinbasket", "pk": 78, "fields": {"session_key": "h8h4fa8sx3qom97z519ud73dfko04mff", "order": 7, "product": 3, "nmb": 0, "price_per_item": "119990.00", "total_price": "359970.00", "is_active": false, "created": "2020-03-12T11:40:49.064Z", "updated": "2020-03-12T12:48:47.561Z"}}, {"model": "orders.productinbasket", "pk": 79, "fields": {"session_key": "41gyi80apajvv97rdvuyuw0dd2hw5vls", "order": 8, "product": 4, "nmb": 0, "price_per_item": "127990.00", "total_price": "127990.00", "is_active": false, "created": "2020-03-12T14:50:14.995Z", "updated": "2020-03-12T14:53:41.665Z"}}, {"model": "orders.productinbasket", "pk": 80, "fields": {"session_key": "41gyi80apajvv97rdvuyuw0dd2hw5vls", "order": 8, "product": 3, "nmb": 4, "price_per_item": "119990.00", "total_price": "479960.00", "is_active": true, "created": "2020-03-12T14:50:45.125Z", "updated": "2020-03-12T14:53:41.676Z"}}, {"model": "orders.productinbasket", "pk": 81, "fields": {"session_key": "h8h4fa8sx3qom97z519ud73dfko04mff", "order": null, "product": 4, "nmb": 0, "price_per_item": "127990.00", "total_price": "127990.00", "is_active": false, "created": "2020-03-12T20:43:47.342Z", "updated": "2020-03-12T20:43:47.342Z"}}, {"model": "orders.productinbasket", "pk": 82, "fields": {"session_key": "h8h4fa8sx3qom97z519ud73dfko04mff", "order": 9, "product": 1, "nmb": 1, "price_per_item": "10490.00", "total_price": "10490.00", "is_active": true, "created": "2020-03-12T20:43:53.656Z", "updated": "2020-03-12T20:47:03.744Z"}}, {"model": "products.productcategory", "pk": 1, "fields": {"name": "phones", "is_active": true}}, {"model": "products.productcategory", "pk": 2, "fields": {"name": "laptops", "is_active": true}}, {"model": "products.product", "pk": 1, "fields": {"name": "\u041c\u043e\u0431\u0438\u043b\u044c\u043d\u044b\u0439 \u043f\u0440\u0438\u043d\u0442\u0435\u0440 LifePrint 2x3", "description": "LifePrint 2x3 Instant Print Camera \u2014 \u044d\u0442\u043e \u0442\u043e\u043d\u043a\u0438\u0439 Bluetooth-\u043f\u0440\u0438\u043d\u0442\u0435\u0440, \u043a\u043e\u0442\u043e\u0440\u044b\u0439 \u043a\u0440\u0435\u043f\u0438\u0442\u0441\u044f \u043a iPhone, \u043f\u0440\u0435\u0432\u0440\u0430\u0449\u0430\u044f \u0435\u0433\u043e \u0432 \u043a\u0430\u043c\u0435\u0440\u0443 \u043c\u0433\u043d\u043e\u0432\u0435\u043d\u043d\u043e\u0439 \u043f\u0435\u0447\u0430\u0442\u0438.", "short_description": "True", "price": "10490.00", "discount": 0, "category": 2, "is_active": true, "created": "2020-02-20T11:28:26.447Z", "updated": "2020-02-27T10:00:12.305Z"}}, {"model": "products.product", "pk": 2, "fields": {"name": "MacBook Pro 16 /i7 2,6 GHz/16 Gb/512 Gb/Space Gray (MVVJ2R)", "description": "Apple MacBook Pro 16\" 6 Core i7 2,6 \u0413\u0413\u0446, 16 \u0413\u0411, 512 \u0413\u0411, AMD RPro 5300M, Touch Bar, Space Gray (MVVJ2RU/A) - \u0441\u0430\u043c\u044b\u0439 \u043c\u043e\u0449\u043d\u044b\u0439 \u043d\u043e\u0443\u0442\u0431\u0443\u043a, \u0441\u043e\u0437\u0434\u0430\u043d\u043d\u044b\u0439 \u0434\u043b\u044f \u0442\u0435\u0445, \u043a\u0442\u043e \u043c\u0435\u043d\u044f\u0435\u0442 \u043c\u0438\u0440 \u0438 \u0440\u0430\u0437\u0434\u0432\u0438\u0433\u0430\u0435\u0442 \u0433\u0440\u0430\u043d\u0438\u0446\u044b. \u0412\u043f\u0435\u0447\u0430\u0442\u043b\u044f\u044e\u0449\u0438\u0439 \u0434\u0438\u0441\u043f\u043b\u0435\u0439 Retina 16 \u0434\u044e\u0439\u043c\u043e\u0432, \u043d\u0435\u0432\u0435\u0440\u043e\u044f\u0442\u043d\u043e \u0431\u044b\u0441\u0442\u0440\u044b\u0439 \u043f\u0440\u043e\u0446\u0435\u0441\u0441\u043e\u0440, \u0433\u0440\u0430\u0444\u0438\u0447\u0435\u0441\u043a\u0430\u044f \u043a\u0430\u0440\u0442\u0430 \u043d\u043e\u0432\u043e\u0433\u043e \u043f\u043e\u043a\u043e\u043b\u0435\u043d\u0438\u044f, \u0441\u0430\u043c\u044b\u0439 \u0432\u044b\u0441\u043e\u043a\u0438\u0439 \u0440\u0435\u0441\u0443\u0440\u0441 \u0430\u043a\u043a\u0443\u043c\u0443\u043b\u044f\u0442\u043e\u0440\u0430 \u0434\u043b\u044f MacBook Pro, \u043d\u043e\u0432\u0430\u044f \u043a\u043b\u0430\u0432\u0438\u0430\u0442\u0443\u0440\u0430 Magic Keyboard \u0438 \u0432\u043c\u0435\u0441\u0442\u0438\u0442\u0435\u043b\u044c\u043d\u044b\u0439 \u043d\u0430\u043a\u043e\u043f\u0438\u0442\u0435\u043b\u044c \u2014 \u044d\u0442\u043e \u043b\u0443\u0447\u0448\u0438\u0439 \u043f\u0440\u043e\u0444\u0435\u0441\u0441\u0438\u043e\u043d\u0430\u043b\u044c\u043d\u044b\u0439 \u043d\u043e\u0443\u0442\u0431\u0443\u043a \u0434\u043b\u044f \u0441\u0430\u043c\u044b\u0445 \u0441\u0435\u0440\u044c\u0451\u0437\u043d\u044b\u0445 \u043f\u0440\u043e\u0444\u0435\u0441\u0441\u0438\u043e\u043d\u0430\u043b\u043e\u0432.", "short_description": "True", "price": "164990.00", "discount": 0, "category": 2, "is_active": true, "created": "2020-02-24T11:19:31.788Z", "updated": "2020-02-27T10:00:19.220Z"}}, {"model": "products.product", "pk": 3, "fields": {"name": "Samsung Galaxy Z Flip \u0421\u0438\u044f\u044e\u0449\u0438\u0439 \u0410\u043c\u0435\u0442\u0438\u0441\u0442 256 Gb", "description": "Samsung Galaxy Z Flip - \u0433\u0438\u0431\u043a\u0438\u0439, \u043f\u0440\u043e\u0447\u043d\u044b\u0439, \u043d\u0435\u0432\u0435\u0440\u043e\u044f\u0442\u043d\u043e \u043a\u043e\u043c\u043f\u0430\u043a\u0442\u043d\u044b\u0439, \u0438\u043d\u043d\u043e\u0432\u0430\u0446\u0438\u043e\u043d\u043d\u044b\u0439 \u0441\u043c\u0430\u0440\u0442\u0444\u043e\u043d \u0432 \u0441\u043e\u0432\u0435\u0440\u0448\u0435\u043d\u043d\u043e \u043d\u043e\u0432\u043e\u043c \u0444\u043e\u0440\u043c-\u0444\u0430\u043a\u0442\u043e\u0440\u0435. Samsung Galaxy Z Flip - \u0432\u043e\u043f\u043b\u043e\u0449\u0435\u043d\u0438\u0435 \u0438\u043d\u043d\u043e\u0432\u0430\u0446\u0438\u043e\u043d\u043d\u043e\u0433\u043e \u0434\u0438\u0437\u0430\u0439\u043d\u0430, \u043a\u043e\u0442\u043e\u0440\u043e\u0435 \u0438\u0434\u0435\u0430\u043b\u044c\u043d\u043e \u043f\u043e\u043c\u0435\u0441\u0442\u0438\u0442\u0441\u044f \u0443 \u0432\u0430\u0441 \u043d\u0430 \u043b\u0430\u0434\u043e\u043d\u0438, \u0432 \u0441\u0443\u043c\u043e\u0447\u043a\u0435 \u0438\u043b\u0438 \u043a\u0430\u0440\u043c\u0430\u043d\u0435.", "short_description": "True", "price": "119990.00", "discount": 10, "category": 1, "is_active": true, "created": "2020-02-24T11:23:29.885Z", "updated": "2020-02-27T10:02:04.190Z"}}, {"model": "products.product", "pk": 4, "fields": {"name": "\u041a\u0432\u0430\u0434\u0440\u043e\u043a\u043e\u043f\u0442\u0435\u0440 DJI Mavic 2 Pro + \u041f\u0443\u043b\u044c\u0442 Smart Controller", "description": "\u041a\u0432\u0430\u0434\u0440\u043e\u043a\u043e\u043f\u0442\u0435\u0440 DJI Mavic 2 Pro + \u041f\u0443\u043b\u044c\u0442 Smart Controller \u0418\u043c\u0435\u0435\u0442 \u043a\u0430\u043c\u0435\u0440\u0443 Hasselblad L1D-20\u0421 \u0441 \u0432\u044b\u0441\u043e\u043a\u0438\u043c \u043a\u0430\u0447\u0435\u0441\u0442\u0432\u043e\u043c \u0438\u0437\u043e\u0431\u0440\u0430\u0436\u0435\u043d\u0438\u0439. \u041c\u0430\u0442\u0440\u0438\u0446\u0430 CMOS 1\u201d 20 \u041c\u043f. \u0426\u0432\u0435\u0442\u043e\u0432\u043e\u0439 \u043f\u0440\u043e\u0444\u0438\u043b\u044c Dlog-M 10 \u0431\u0438\u0442. \u041d\u0430\u0441\u0442\u0440\u0430\u0438\u0432\u0430\u0435\u043c\u0430\u044f \u0434\u0438\u0430\u0444\u0440\u0430\u0433\u043c\u0430, f/2,8 \u2013 f/11. \u041f\u0435\u0440\u0435\u0434\u0430\u0447\u0430 \u0432\u0438\u0434\u0435\u043e\u0441\u0438\u0433\u043d\u0430\u043b\u0430 1080p \u043d\u0430 \u0440\u0430\u0441\u0441\u0442\u043e\u044f\u043d\u0438\u0435 \u0434\u043e 8 \u043a\u043c. \u041e\u0431\u043d\u0430\u0440\u0443\u0436\u0435\u043d\u0438\u0435 \u043f\u0440\u0435\u043f\u044f\u0442\u0441\u0442\u0432\u0438\u0439 \u0432 \u043d\u0435\u0441\u043a\u043e\u043b\u044c\u043a\u0438\u0445 \u043d\u0430\u043f\u0440\u0430\u0432\u043b\u0435\u043d\u0438\u044f\u0445.", "short_description": "True", "price": "127990.00", "discount": 0, "category": 1, "is_active": true, "created": "2020-02-25T14:22:49.453Z", "updated": "2020-02-27T10:00:36.292Z"}}, {"model": "products.productimage", "pk": 3, "fields": {"product": 1, "image": "products_images/printer1.jpg", "is_main": true, "is_active": true, "created": "2020-02-20T11:38:40.038Z", "updated": "2020-02-25T17:13:37.970Z"}}, {"model": "products.productimage", "pk": 5, "fields": {"product": 2, "image": "products_images/macbook1.jpg", "is_main": true, "is_active": true, "created": "2020-02-24T11:19:31.791Z", "updated": "2020-02-25T16:44:31.217Z"}}, {"model": "products.productimage", "pk": 6, "fields": {"product": 2, "image": "products_images/macbook2.jpg", "is_main": false, "is_active": true, "created": "2020-02-24T11:19:31.792Z", "updated": "2020-02-24T11:19:31.792Z"}}, {"model": "products.productimage", "pk": 7, "fields": {"product": 3, "image": "products_images/samsung1.jpg", "is_main": true, "is_active": true, "created": "2020-02-24T11:23:29.888Z", "updated": "2020-02-25T16:44:21.260Z"}}, {"model": "products.productimage", "pk": 8, "fields": {"product": 3, "image": "products_images/samsung2.jpg", "is_main": false, "is_active": true, "created": "2020-02-24T11:23:29.891Z", "updated": "2020-02-24T11:23:29.891Z"}}, {"model": "products.productimage", "pk": 9, "fields": {"product": 4, "image": "products_images/quadro1.jpg", "is_main": true, "is_active": true, "created": "2020-02-25T14:22:49.457Z", "updated": "2020-02-25T16:48:13.940Z"}}, {"model": "auth.permission", "pk": 1, "fields": {"name": "Can add log entry", "content_type": 1, "codename": "add_logentry"}}, {"model": "auth.permission", "pk": 2, "fields": {"name": "Can change log entry", "content_type": 1, "codename": "change_logentry"}}, {"model": "auth.permission", "pk": 3, "fields": {"name": "Can delete log entry", "content_type": 1, "codename": "delete_logentry"}}, {"model": "auth.permission", "pk": 4, "fields": {"name": "Can view log entry", "content_type": 1, "codename": "view_logentry"}}, {"model": "auth.permission", "pk": 5, "fields": {"name": "Can add permission", "content_type": 2, "codename": "add_permission"}}, {"model": "auth.permission", "pk": 6, "fields": {"name": "Can change permission", "content_type": 2, "codename": "change_permission"}}, {"model": "auth.permission", "pk": 7, "fields": {"name": "Can delete permission", "content_type": 2, "codename": "delete_permission"}}, {"model": "auth.permission", "pk": 8, "fields": {"name": "Can view permission", "content_type": 2, "codename": "view_permission"}}, {"model": "auth.permission", "pk": 9, "fields": {"name": "Can add group", "content_type": 3, "codename": "add_group"}}, {"model": "auth.permission", "pk": 10, "fields": {"name": "Can change group", "content_type": 3, "codename": "change_group"}}, {"model": "auth.permission", "pk": 11, "fields": {"name": "Can delete group", "content_type": 3, "codename": "delete_group"}}, {"model": "auth.permission", "pk": 12, "fields": {"name": "Can view group", "content_type": 3, "codename": "view_group"}}, {"model": "auth.permission", "pk": 13, "fields": {"name": "Can add user", "content_type": 4, "codename": "add_user"}}, {"model": "auth.permission", "pk": 14, "fields": {"name": "Can change user", "content_type": 4, "codename": "change_user"}}, {"model": "auth.permission", "pk": 15, "fields": {"name": "Can delete user", "content_type": 4, "codename": "delete_user"}}, {"model": "auth.permission", "pk": 16, "fields": {"name": "Can view user", "content_type": 4, "codename": "view_user"}}, {"model": "auth.permission", "pk": 17, "fields": {"name": "Can add content type", "content_type": 5, "codename": "add_contenttype"}}, {"model": "auth.permission", "pk": 18, "fields": {"name": "Can change content type", "content_type": 5, "codename": "change_contenttype"}}, {"model": "auth.permission", "pk": 19, "fields": {"name": "Can delete content type", "content_type": 5, "codename": "delete_contenttype"}}, {"model": "auth.permission", "pk": 20, "fields": {"name": "Can view content type", "content_type": 5, "codename": "view_contenttype"}}, {"model": "auth.permission", "pk": 21, "fields": {"name": "Can add session", "content_type": 6, "codename": "add_session"}}, {"model": "auth.permission", "pk": 22, "fields": {"name": "Can change session", "content_type": 6, "codename": "change_session"}}, {"model": "auth.permission", "pk": 23, "fields": {"name": "Can delete session", "content_type": 6, "codename": "delete_session"}}, {"model": "auth.permission", "pk": 24, "fields": {"name": "Can view session", "content_type": 6, "codename": "view_session"}}, {"model": "auth.permission", "pk": 25, "fields": {"name": "Can add subscriber", "content_type": 7, "codename": "add_subscriber"}}, {"model": "auth.permission", "pk": 26, "fields": {"name": "Can change subscriber", "content_type": 7, "codename": "change_subscriber"}}, {"model": "auth.permission", "pk": 27, "fields": {"name": "Can delete subscriber", "content_type": 7, "codename": "delete_subscriber"}}, {"model": "auth.permission", "pk": 28, "fields": {"name": "Can view subscriber", "content_type": 7, "codename": "view_subscriber"}}, {"model": "auth.permission", "pk": 29, "fields": {"name": "Can add \u0421\u0442\u0430\u0442\u0443\u0441", "content_type": 8, "codename": "add_status"}}, {"model": "auth.permission", "pk": 30, "fields": {"name": "Can change \u0421\u0442\u0430\u0442\u0443\u0441", "content_type": 8, "codename": "change_status"}}, {"model": "auth.permission", "pk": 31, "fields": {"name": "Can delete \u0421\u0442\u0430\u0442\u0443\u0441", "content_type": 8, "codename": "delete_status"}}, {"model": "auth.permission", "pk": 32, "fields": {"name": "Can view \u0421\u0442\u0430\u0442\u0443\u0441", "content_type": 8, "codename": "view_status"}}, {"model": "auth.permission", "pk": 33, "fields": {"name": "Can add \u0422\u043e\u0432\u0430\u0440", "content_type": 9, "codename": "add_productinorder"}}, {"model": "auth.permission", "pk": 34, "fields": {"name": "Can change \u0422\u043e\u0432\u0430\u0440", "content_type": 9, "codename": "change_productinorder"}}, {"model": "auth.permission", "pk": 35, "fields": {"name": "Can delete \u0422\u043e\u0432\u0430\u0440", "content_type": 9, "codename": "delete_productinorder"}}, {"model": "auth.permission", "pk": 36, "fields": {"name": "Can view \u0422\u043e\u0432\u0430\u0440", "content_type": 9, "codename": "view_productinorder"}}, {"model": "auth.permission", "pk": 37, "fields": {"name": "Can add \u0417\u0430\u043a\u0430\u0437", "content_type": 10, "codename": "add_order"}}, {"model": "auth.permission", "pk": 38, "fields": {"name": "Can change \u0417\u0430\u043a\u0430\u0437", "content_type": 10, "codename": "change_order"}}, {"model": "auth.permission", "pk": 39, "fields": {"name": "Can delete \u0417\u0430\u043a\u0430\u0437", "content_type": 10, "codename": "delete_order"}}, {"model": "auth.permission", "pk": 40, "fields": {"name": "Can view \u0417\u0430\u043a\u0430\u0437", "content_type": 10, "codename": "view_order"}}, {"model": "auth.permission", "pk": 41, "fields": {"name": "Can add \u0422\u043e\u0432\u0430\u0440", "content_type": 11, "codename": "add_product"}}, {"model": "auth.permission", "pk": 42, "fields": {"name": "Can change \u0422\u043e\u0432\u0430\u0440", "content_type": 11, "codename": "change_product"}}, {"model": "auth.permission", "pk": 43, "fields": {"name": "Can delete \u0422\u043e\u0432\u0430\u0440", "content_type": 11, "codename": "delete_product"}}, {"model": "auth.permission", "pk": 44, "fields": {"name": "Can view \u0422\u043e\u0432\u0430\u0440", "content_type": 11, "codename": "view_product"}}, {"model": "auth.permission", "pk": 45, "fields": {"name": "Can add \u0424\u043e\u0442\u043e\u0433\u0440\u0430\u0444\u0438\u044f", "content_type": 12, "codename": "add_productimage"}}, {"model": "auth.permission", "pk": 46, "fields": {"name": "Can change \u0424\u043e\u0442\u043e\u0433\u0440\u0430\u0444\u0438\u044f", "content_type": 12, "codename": "change_productimage"}}, {"model": "auth.permission", "pk": 47, "fields": {"name": "Can delete \u0424\u043e\u0442\u043e\u0433\u0440\u0430\u0444\u0438\u044f", "content_type": 12, "codename": "delete_productimage"}}, {"model": "auth.permission", "pk": 48, "fields": {"name": "Can view \u0424\u043e\u0442\u043e\u0433\u0440\u0430\u0444\u0438\u044f", "content_type": 12, "codename": "view_productimage"}}, {"model": "auth.permission", "pk": 49, "fields": {"name": "Can add \u041a\u0430\u0442\u0435\u0433\u043e\u0440\u0438\u044f \u0442\u043e\u0432\u0430\u0440\u0430", "content_type": 13, "codename": "add_productcategory"}}, {"model": "auth.permission", "pk": 50, "fields": {"name": "Can change \u041a\u0430\u0442\u0435\u0433\u043e\u0440\u0438\u044f \u0442\u043e\u0432\u0430\u0440\u0430", "content_type": 13, "codename": "change_productcategory"}}, {"model": "auth.permission", "pk": 51, "fields": {"name": "Can delete \u041a\u0430\u0442\u0435\u0433\u043e\u0440\u0438\u044f \u0442\u043e\u0432\u0430\u0440\u0430", "content_type": 13, "codename": "delete_productcategory"}}, {"model": "auth.permission", "pk": 52, "fields": {"name": "Can view \u041a\u0430\u0442\u0435\u0433\u043e\u0440\u0438\u044f \u0442\u043e\u0432\u0430\u0440\u0430", "content_type": 13, "codename": "view_productcategory"}}, {"model": "auth.permission", "pk": 53, "fields": {"name": "Can add \u0422\u043e\u0432\u0430\u0440 \u0432 \u043a\u043e\u0440\u0437\u0438\u043d\u0435", "content_type": 14, "codename": "add_productinbasket"}}, {"model": "auth.permission", "pk": 54, "fields": {"name": "Can change \u0422\u043e\u0432\u0430\u0440 \u0432 \u043a\u043e\u0440\u0437\u0438\u043d\u0435", "content_type": 14, "codename": "change_productinbasket"}}, {"model": "auth.permission", "pk": 55, "fields": {"name": "Can delete \u0422\u043e\u0432\u0430\u0440 \u0432 \u043a\u043e\u0440\u0437\u0438\u043d\u0435", "content_type": 14, "codename": "delete_productinbasket"}}, {"model": "auth.permission", "pk": 56, "fields": {"name": "Can view \u0422\u043e\u0432\u0430\u0440 \u0432 \u043a\u043e\u0440\u0437\u0438\u043d\u0435", "content_type": 14, "codename": "view_productinbasket"}}, {"model": "auth.user", "pk": 1, "fields": {"password": "pbkdf2_sha256$180000$m4uuruofCsXh$ZEGXL+/Z+uILNVCN0FdqhDvO4g28qw5/Ok64B7Rr1Ck=", "last_login": "2020-03-12T11:02:24.061Z", "is_superuser": true, "username": "admin", "first_name": "", "last_name": "", "email": "admin@admin.ru", "is_staff": true, "is_active": true, "date_joined": "2020-02-16T12:18:19.330Z", "groups": [], "user_permissions": []}}, {"model": "auth.user", "pk": 2, "fields": {"password": "", "last_login": null, "is_superuser": false, "username": "21312", "first_name": "name", "last_name": "", "email": "", "is_staff": false, "is_active": true, "date_joined": "2020-03-12T11:41:24.234Z", "groups": [], "user_permissions": []}}, {"model": "auth.user", "pk": 3, "fields": {"password": "", "last_login": null, "is_superuser": false, "username": "324342", "first_name": "alex", "last_name": "", "email": "", "is_staff": false, "is_active": true, "date_joined": "2020-03-12T12:04:20.537Z", "groups": [], "user_permissions": []}}, {"model": "auth.user", "pk": 4, "fields": {"password": "", "last_login": null, "is_superuser": false, "username": "12312", "first_name": "sdfdsf", "last_name": "", "email": "", "is_staff": false, "is_active": true, "date_joined": "2020-03-12T12:05:11.062Z", "groups": [], "user_permissions": []}}, {"model": "auth.user", "pk": 5, "fields": {"password": "", "last_login": null, "is_superuser": false, "username": "2131234", "first_name": "asda", "last_name": "", "email": "", "is_staff": false, "is_active": true, "date_joined": "2020-03-12T12:05:37.887Z", "groups": [], "user_permissions": []}}, {"model": "auth.user", "pk": 6, "fields": {"password": "", "last_login": null, "is_superuser": false, "username": "sdfsfd", "first_name": "asdas", "last_name": "", "email": "", "is_staff": false, "is_active": true, "date_joined": "2020-03-12T12:47:46.959Z", "groups": [], "user_permissions": []}}, {"model": "auth.user", "pk": 7, "fields": {"password": "", "last_login": null, "is_superuser": false, "username": "234234", "first_name": "dimas", "last_name": "", "email": "", "is_staff": false, "is_active": true, "date_joined": "2020-03-12T14:53:41.658Z", "groups": [], "user_permissions": []}}, {"model": "auth.user", "pk": 8, "fields": {"password": "", "last_login": null, "is_superuser": false, "username": "340958034985", "first_name": "kalmyk", "last_name": "", "email": "", "is_staff": false, "is_active": true, "date_joined": "2020-03-12T20:47:03.724Z", "groups": [], "user_permissions": []}}, {"model": "orders.order", "pk": 1, "fields": {"user": null, "total_order_price": "340470.00", "customer_email": null, "customer_name": "Alex", "customer_phone": "1234", "customer_address": "-", "status": 1, "comments": "\u0414\u043e\u0441\u0442\u0430\u0432\u043a\u0430 \u0434\u043e\u043c\u043e\u0439", "created": "2020-02-20T11:54:12.088Z", "updated": "2020-02-24T11:39:40.007Z"}}, {"model": "orders.order", "pk": 2, "fields": {"user": 3, "total_order_price": "284980.00", "customer_email": null, "customer_name": "alex", "customer_phone": "324342", "customer_address": "\u0423\u043a\u0430\u0436\u0438\u0442\u0435 \u0430\u0434\u0440\u0435\u0441 \u0434\u043e\u0441\u0442\u0430\u0432\u043a\u0438", "status": 1, "comments": null, "created": "2020-03-12T12:04:20.540Z", "updated": "2020-03-12T12:04:20.557Z"}}, {"model": "orders.order", "pk": 3, "fields": {"user": 4, "total_order_price": "284980.00", "customer_email": null, "customer_name": "sdfdsf", "customer_phone": "12312", "customer_address": "\u0423\u043a\u0430\u0436\u0438\u0442\u0435 \u0430\u0434\u0440\u0435\u0441 \u0434\u043e\u0441\u0442\u0430\u0432\u043a\u0438", "status": 1, "comments": null, "created": "2020-03-12T12:05:11.066Z", "updated": "2020-03-12T12:05:11.081Z"}}, {"model": "orders.order", "pk": 4, "fields": {"user": 5, "total_order_price": "284980.00", "customer_email": null, "customer_name": "asda", "customer_phone": "2131234", "customer_address": "\u0423\u043a\u0430\u0436\u0438\u0442\u0435 \u0430\u0434\u0440\u0435\u0441 \u0434\u043e\u0441\u0442\u0430\u0432\u043a\u0438", "status": 1, "comments": null, "created": "2020-03-12T12:05:37.890Z", "updated": "2020-03-12T12:05:37.906Z"}}, {"model": "orders.order", "pk": 5, "fields": {"user": 6, "total_order_price": "284980.00", "customer_email": null, "customer_name": "asdas", "customer_phone": "sdfsfd", "customer_address": "\u0423\u043a\u0430\u0436\u0438\u0442\u0435 \u0430\u0434\u0440\u0435\u0441 \u0434\u043e\u0441\u0442\u0430\u0432\u043a\u0438", "status": 1, "comments": null, "created": "2020-03-12T12:47:46.961Z", "updated": "2020-03-12T12:47:46.978Z"}}, {"model": "orders.order", "pk": 6, "fields": {"user": 6, "total_order_price": "404970.00", "customer_email": null, "customer_name": "asdas", "customer_phone": "sdfsfd", "customer_address": "\u0423\u043a\u0430\u0436\u0438\u0442\u0435 \u0430\u0434\u0440\u0435\u0441 \u0434\u043e\u0441\u0442\u0430\u0432\u043a\u0438", "status": 1, "comments": null, "created": "2020-03-12T12:48:08.851Z", "updated": "2020-03-12T12:48:08.869Z"}}, {"model": "orders.order", "pk": 7, "fields": {"user": 6, "total_order_price": "524960.00", "customer_email": null, "customer_name": "asdas", "customer_phone": "sdfsfd", "customer_address": "\u0423\u043a\u0430\u0436\u0438\u0442\u0435 \u0430\u0434\u0440\u0435\u0441 \u0434\u043e\u0441\u0442\u0430\u0432\u043a\u0438", "status": 1, "comments": null, "created": "2020-03-12T12:48:47.548Z", "updated": "2020-03-12T12:48:47.565Z"}}, {"model": "orders.order", "pk": 8, "fields": {"user": 7, "total_order_price": "607950.00", "customer_email": null, "customer_name": "dimas", "customer_phone": "234234", "customer_address": "\u0423\u043a\u0430\u0436\u0438\u0442\u0435 \u0430\u0434\u0440\u0435\u0441 \u0434\u043e\u0441\u0442\u0430\u0432\u043a\u0438", "status": 1, "comments": null, "created": "2020-03-12T14:53:41.660Z", "updated": "2020-03-12T14:53:41.680Z"}}, {"model": "orders.order", "pk": 9, "fields": {"user": 8, "total_order_price": "835440.00", "customer_email": null, "customer_name": "kalmyk", "customer_phone": "340958034985", "customer_address": "\u0423\u043a\u0430\u0436\u0438\u0442\u0435 \u0430\u0434\u0440\u0435\u0441 \u0434\u043e\u0441\u0442\u0430\u0432\u043a\u0438", "status": 1, "comments": null, "created": "2020-03-12T20:47:03.727Z", "updated": "2020-03-12T20:47:03.748Z"}}, {"model": "admin.logentry", "pk": 1, "fields": {"action_time": "2020-02-20T11:28:26.449Z", "user": 1, "content_type": 11, "object_id": "1", "object_repr": "1", "action_flag": 1, "change_message": "[{\"added\": {}}]"}}, {"model": "admin.logentry", "pk": 2, "fields": {"action_time": "2020-02-20T11:32:55.340Z", "user": 1, "content_type": 12, "object_id": "1", "object_repr": "1", "action_flag": 1, "change_message": "[{\"added\": {}}]"}}, {"model": "admin.logentry", "pk": 3, "fields": {"action_time": "2020-02-20T11:37:19.695Z", "user": 1, "content_type": 12, "object_id": "2", "object_repr": "2", "action_flag": 1, "change_message": "[{\"added\": {}}]"}}, {"model": "admin.logentry", "pk": 4, "fields": {"action_time": "2020-02-20T11:38:40.039Z", "user": 1, "content_type": 12, "object_id": "3", "object_repr": "3", "action_flag": 1, "change_message": "[{\"added\": {}}]"}}, {"model": "admin.logentry", "pk": 5, "fields": {"action_time": "2020-02-20T11:43:51.215Z", "user": 1, "content_type": 12, "object_id": "4", "object_repr": "4", "action_flag": 1, "change_message": "[{\"added\": {}}]"}}, {"model": "admin.logentry", "pk": 6, "fields": {"action_time": "2020-02-20T11:53:30.008Z", "user": 1, "content_type": 8, "object_id": "1", "object_repr": "\u0421\u0442\u0430\u0442\u0443\u0441 \u041d\u043e\u0432\u044b\u0439", "action_flag": 1, "change_message": "[{\"added\": {}}]"}}, {"model": "admin.logentry", "pk": 7, "fields": {"action_time": "2020-02-20T11:53:35.905Z", "user": 1, "content_type": 8, "object_id": "2", "object_repr": "\u0421\u0442\u0430\u0442\u0443\u0441 \u0412 \u0440\u0430\u0431\u043e\u0442\u0435", "action_flag": 1, "change_message": "[{\"added\": {}}]"}}, {"model": "admin.logentry", "pk": 8, "fields": {"action_time": "2020-02-20T11:53:42.214Z", "user": 1, "content_type": 8, "object_id": "3", "object_repr": "\u0421\u0442\u0430\u0442\u0443\u0441 \u041e\u0442\u043c\u0435\u043d\u0435\u043d", "action_flag": 1, "change_message": "[{\"added\": {}}]"}}, {"model": "admin.logentry", "pk": 9, "fields": {"action_time": "2020-02-20T11:53:49.097Z", "user": 1, "content_type": 8, "object_id": "4", "object_repr": "\u0421\u0442\u0430\u0442\u0443\u0441 \u0417\u0430\u043a\u0440\u044b\u0442", "action_flag": 1, "change_message": "[{\"added\": {}}]"}}, {"model": "admin.logentry", "pk": 10, "fields": {"action_time": "2020-02-20T11:54:12.089Z", "user": 1, "content_type": 10, "object_id": "1", "object_repr": "\u0417\u0430\u043a\u0430\u0437 1 \u0441\u0442\u0430\u0442\u0443\u0441 - \u041d\u043e\u0432\u044b\u0439", "action_flag": 1, "change_message": "[{\"added\": {}}]"}}, {"model": "admin.logentry", "pk": 11, "fields": {"action_time": "2020-02-20T11:59:41.961Z", "user": 1, "content_type": 10, "object_id": "1", "object_repr": "\u0417\u0430\u043a\u0430\u0437 1 \u0441\u0442\u0430\u0442\u0443\u0441 - \u041d\u043e\u0432\u044b\u0439", "action_flag": 2, "change_message": "[{\"added\": {\"name\": \"\\u0422\\u043e\\u0432\\u0430\\u0440\", \"object\": \"\\u0422\\u043e\\u0432\\u0430\\u0440 \\u041c\\u043e\\u0431\\u0438\\u043b\\u044c\\u043d\\u044b\\u0439 \\u043f\\u0440\\u0438\\u043d\\u0442\\u0435\\u0440 LifePrint 2x3 \\u0432 \\u0437\\u0430\\u043a\\u0430\\u0437\\u0435 \\u21161\"}}]"}}, {"model": "admin.logentry", "pk": 12, "fields": {"action_time": "2020-02-23T16:43:22.206Z", "user": 1, "content_type": 10, "object_id": "1", "object_repr": "\u0417\u0430\u043a\u0430\u0437 1 \u0441\u0442\u0430\u0442\u0443\u0441 - \u041d\u043e\u0432\u044b\u0439", "action_flag": 2, "change_message": "[{\"changed\": {\"fields\": [\"Customer address\"]}}]"}}, {"model": "admin.logentry", "pk": 13, "fields": {"action_time": "2020-02-24T11:15:51.487Z", "user": 1, "content_type": 11, "object_id": "1", "object_repr": "\u041c\u043e\u0431\u0438\u043b\u044c\u043d\u044b\u0439 \u043f\u0440\u0438\u043d\u0442\u0435\u0440 LifePrint 2x3", "action_flag": 2, "change_message": "[{\"changed\": {\"fields\": [\"Price\"]}}]"}}, {"model": "admin.logentry", "pk": 14, "fields": {"action_time": "2020-02-24T11:19:31.793Z", "user": 1, "content_type": 11, "object_id": "2", "object_repr": "MacBook Pro 16 /i7 2,6 GHz/16 Gb/512 Gb/Space Gray (MVVJ2R)", "action_flag": 1, "change_message": "[{\"added\": {}}, {\"added\": {\"name\": \"\\u0424\\u043e\\u0442\\u043e\\u0433\\u0440\\u0430\\u0444\\u0438\\u044f\", \"object\": \"5\"}}, {\"added\": {\"name\": \"\\u0424\\u043e\\u0442\\u043e\\u0433\\u0440\\u0430\\u0444\\u0438\\u044f\", \"object\": \"6\"}}]"}}, {"model": "admin.logentry", "pk": 15, "fields": {"action_time": "2020-02-24T11:23:29.891Z", "user": 1, "content_type": 11, "object_id": "3", "object_repr": "Samsung Galaxy Z Flip \u0421\u0438\u044f\u044e\u0449\u0438\u0439 \u0410\u043c\u0435\u0442\u0438\u0441\u0442 256 Gb", "action_flag": 1, "change_message": "[{\"added\": {}}, {\"added\": {\"name\": \"\\u0424\\u043e\\u0442\\u043e\\u0433\\u0440\\u0430\\u0444\\u0438\\u044f\", \"object\": \"7\"}}, {\"added\": {\"name\": \"\\u0424\\u043e\\u0442\\u043e\\u0433\\u0440\\u0430\\u0444\\u0438\\u044f\", \"object\": \"8\"}}]"}}, {"model": "admin.logentry", "pk": 16, "fields": {"action_time": "2020-02-24T11:24:23.377Z", "user": 1, "content_type": 11, "object_id": "1", "object_repr": "\u041c\u043e\u0431\u0438\u043b\u044c\u043d\u044b\u0439 \u043f\u0440\u0438\u043d\u0442\u0435\u0440 LifePrint 2x3", "action_flag": 2, "change_message": "[{\"changed\": {\"fields\": [\"Price\"]}}]"}}, {"model": "admin.logentry", "pk": 17, "fields": {"action_time": "2020-02-24T11:39:05.147Z", "user": 1, "content_type": 10, "object_id": "1", "object_repr": "\u0417\u0430\u043a\u0430\u0437 1 \u0441\u0442\u0430\u0442\u0443\u0441 - \u041d\u043e\u0432\u044b\u0439", "action_flag": 2, "change_message": "[{\"added\": {\"name\": \"\\u0422\\u043e\\u0432\\u0430\\u0440 \\u0432 \\u0437\\u0430\\u043a\\u0430\\u0437\\u0435\", \"object\": \"\\u0422\\u043e\\u0432\\u0430\\u0440 MacBook Pro 16 /i7 2,6 GHz/16 Gb/512 Gb/Space Gray (MVVJ2R) \\u0432 \\u0437\\u0430\\u043a\\u0430\\u0437\\u0435 \\u21161\"}}]"}}, {"model": "admin.logentry", "pk": 18, "fields": {"action_time": "2020-02-24T11:39:17.039Z", "user": 1, "content_type": 10, "object_id": "1", "object_repr": "\u0417\u0430\u043a\u0430\u0437 1 \u0441\u0442\u0430\u0442\u0443\u0441 - \u041d\u043e\u0432\u044b\u0439", "action_flag": 2, "change_message": "[{\"changed\": {\"name\": \"\\u0422\\u043e\\u0432\\u0430\\u0440 \\u0432 \\u0437\\u0430\\u043a\\u0430\\u0437\\u0435\", \"object\": \"\\u0422\\u043e\\u0432\\u0430\\u0440 MacBook Pro 16 /i7 2,6 GHz/16 Gb/512 Gb/Space Gray (MVVJ2R) \\u0432 \\u0437\\u0430\\u043a\\u0430\\u0437\\u0435 \\u21161\", \"fields\": [\"Nmb\"]}}]"}}, {"model": "admin.logentry", "pk": 19, "fields": {"action_time": "2020-02-24T11:39:27.076Z", "user": 1, "content_type": 10, "object_id": "1", "object_repr": "\u0417\u0430\u043a\u0430\u0437 1 \u0441\u0442\u0430\u0442\u0443\u0441 - \u041d\u043e\u0432\u044b\u0439", "action_flag": 2, "change_message": "[{\"deleted\": {\"name\": \"\\u0422\\u043e\\u0432\\u0430\\u0440 \\u0432 \\u0437\\u0430\\u043a\\u0430\\u0437\\u0435\", \"object\": \"\\u0422\\u043e\\u0432\\u0430\\u0440 \\u041c\\u043e\\u0431\\u0438\\u043b\\u044c\\u043d\\u044b\\u0439 \\u043f\\u0440\\u0438\\u043d\\u0442\\u0435\\u0440 LifePrint 2x3 \\u0432 \\u0437\\u0430\\u043a\\u0430\\u0437\\u0435 \\u21161\"}}]"}}, {"model": "admin.logentry", "pk": 20, "fields": {"action_time": "2020-02-24T11:39:40.008Z", "user": 1, "content_type": 10, "object_id": "1", "object_repr": "\u0417\u0430\u043a\u0430\u0437 1 \u0441\u0442\u0430\u0442\u0443\u0441 - \u041d\u043e\u0432\u044b\u0439", "action_flag": 2, "change_message": "[{\"added\": {\"name\": \"\\u0422\\u043e\\u0432\\u0430\\u0440 \\u0432 \\u0437\\u0430\\u043a\\u0430\\u0437\\u0435\", \"object\": \"\\u0422\\u043e\\u0432\\u0430\\u0440 \\u041c\\u043e\\u0431\\u0438\\u043b\\u044c\\u043d\\u044b\\u0439 \\u043f\\u0440\\u0438\\u043d\\u0442\\u0435\\u0440 LifePrint 2x3 \\u0432 \\u0437\\u0430\\u043a\\u0430\\u0437\\u0435 \\u21161\"}}]"}}, {"model": "admin.logentry", "pk": 21, "fields": {"action_time": "2020-02-25T14:22:49.459Z", "user": 1, "content_type": 11, "object_id": "4", "object_repr": "\u041a\u0432\u0430\u0434\u0440\u043e\u043a\u043e\u043f\u0442\u0435\u0440 DJI Mavic 2 Pro + \u041f\u0443\u043b\u044c\u0442 Smart Controller", "action_flag": 1, "change_message": "[{\"added\": {}}, {\"added\": {\"name\": \"\\u0424\\u043e\\u0442\\u043e\\u0433\\u0440\\u0430\\u0444\\u0438\\u044f\", \"object\": \"9\"}}]"}}, {"model": "admin.logentry", "pk": 22, "fields": {"action_time": "2020-02-25T16:44:21.261Z", "user": 1, "content_type": 11, "object_id": "3", "object_repr": "Samsung Galaxy Z Flip \u0421\u0438\u044f\u044e\u0449\u0438\u0439 \u0410\u043c\u0435\u0442\u0438\u0441\u0442 256 Gb", "action_flag": 2, "change_message": "[{\"changed\": {\"name\": \"\\u0424\\u043e\\u0442\\u043e\\u0433\\u0440\\u0430\\u0444\\u0438\\u044f\", \"object\": \"7\", \"fields\": [\"Is main\"]}}]"}}, {"model": "admin.logentry", "pk": 23, "fields": {"action_time": "2020-02-25T16:44:31.218Z", "user": 1, "content_type": 11, "object_id": "2", "object_repr": "MacBook Pro 16 /i7 2,6 GHz/16 Gb/512 Gb/Space Gray (MVVJ2R)", "action_flag": 2, "change_message": "[{\"changed\": {\"name\": \"\\u0424\\u043e\\u0442\\u043e\\u0433\\u0440\\u0430\\u0444\\u0438\\u044f\", \"object\": \"5\", \"fields\": [\"Is main\"]}}]"}}, {"model": "admin.logentry", "pk": 24, "fields": {"action_time": "2020-02-25T16:44:40.030Z", "user": 1, "content_type": 11, "object_id": "1", "object_repr": "\u041c\u043e\u0431\u0438\u043b\u044c\u043d\u044b\u0439 \u043f\u0440\u0438\u043d\u0442\u0435\u0440 LifePrint 2x3", "action_flag": 2, "change_message": "[{\"changed\": {\"name\": \"\\u0424\\u043e\\u0442\\u043e\\u0433\\u0440\\u0430\\u0444\\u0438\\u044f\", \"object\": \"3\", \"fields\": [\"Is main\"]}}]"}}, {"model": "admin.logentry", "pk": 25, "fields": {"action_time": "2020-02-25T16:48:13.941Z", "user": 1, "content_type": 11, "object_id": "4", "object_repr": "\u041a\u0432\u0430\u0434\u0440\u043e\u043a\u043e\u043f\u0442\u0435\u0440 DJI Mavic 2 Pro + \u041f\u0443\u043b\u044c\u0442 Smart Controller", "action_flag": 2, "change_message": "[{\"changed\": {\"name\": \"\\u0424\\u043e\\u0442\\u043e\\u0433\\u0440\\u0430\\u0444\\u0438\\u044f\", \"object\": \"9\", \"fields\": [\"Is main\"]}}]"}}, {"model": "admin.logentry", "pk": 26, "fields": {"action_time": "2020-02-25T17:13:37.975Z", "user": 1, "content_type": 12, "object_id": "3", "object_repr": "3", "action_flag": 2, "change_message": "[{\"changed\": {\"fields\": [\"Image\"]}}]"}}, {"model": "admin.logentry", "pk": 27, "fields": {"action_time": "2020-02-25T17:13:48.123Z", "user": 1, "content_type": 12, "object_id": "4", "object_repr": "4", "action_flag": 3, "change_message": ""}}, {"model": "admin.logentry", "pk": 28, "fields": {"action_time": "2020-02-27T09:59:21.065Z", "user": 1, "content_type": 13, "object_id": "1", "object_repr": "copters", "action_flag": 1, "change_message": "[{\"added\": {}}]"}}, {"model": "admin.logentry", "pk": 29, "fields": {"action_time": "2020-02-27T09:59:38.197Z", "user": 1, "content_type": 13, "object_id": "1", "object_repr": "phones", "action_flag": 2, "change_message": "[{\"changed\": {\"fields\": [\"Name\"]}}]"}}, {"model": "admin.logentry", "pk": 30, "fields": {"action_time": "2020-02-27T09:59:59.909Z", "user": 1, "content_type": 13, "object_id": "2", "object_repr": "laptops", "action_flag": 1, "change_message": "[{\"added\": {}}]"}}, {"model": "admin.logentry", "pk": 31, "fields": {"action_time": "2020-02-27T10:00:12.306Z", "user": 1, "content_type": 11, "object_id": "1", "object_repr": "\u041c\u043e\u0431\u0438\u043b\u044c\u043d\u044b\u0439 \u043f\u0440\u0438\u043d\u0442\u0435\u0440 LifePrint 2x3", "action_flag": 2, "change_message": "[{\"changed\": {\"fields\": [\"Category\"]}}]"}}, {"model": "admin.logentry", "pk": 32, "fields": {"action_time": "2020-02-27T10:00:19.221Z", "user": 1, "content_type": 11, "object_id": "2", "object_repr": "MacBook Pro 16 /i7 2,6 GHz/16 Gb/512 Gb/Space Gray (MVVJ2R)", "action_flag": 2, "change_message": "[{\"changed\": {\"fields\": [\"Category\"]}}]"}}, {"model": "admin.logentry", "pk": 33, "fields": {"action_time": "2020-02-27T10:00:28.900Z", "user": 1, "content_type": 11, "object_id": "3", "object_repr": "Samsung Galaxy Z Flip \u0421\u0438\u044f\u044e\u0449\u0438\u0439 \u0410\u043c\u0435\u0442\u0438\u0441\u0442 256 Gb", "action_flag": 2, "change_message": "[{\"changed\": {\"fields\": [\"Category\"]}}]"}}, {"model": "admin.logentry", "pk": 34, "fields": {"action_time": "2020-02-27T10:00:36.294Z", "user": 1, "content_type": 11, "object_id": "4", "object_repr": "\u041a\u0432\u0430\u0434\u0440\u043e\u043a\u043e\u043f\u0442\u0435\u0440 DJI Mavic 2 Pro + \u041f\u0443\u043b\u044c\u0442 Smart Controller", "action_flag": 2, "change_message": "[{\"changed\": {\"fields\": [\"Category\"]}}]"}}, {"model": "admin.logentry", "pk": 35, "fields": {"action_time": "2020-02-27T10:02:04.192Z", "user": 1, "content_type": 11, "object_id": "3", "object_repr": "Samsung Galaxy Z Flip \u0421\u0438\u044f\u044e\u0449\u0438\u0439 \u0410\u043c\u0435\u0442\u0438\u0441\u0442 256 Gb", "action_flag": 2, "change_message": "[{\"changed\": {\"fields\": [\"Discount\"]}}]"}}, {"model": "admin.logentry", "pk": 36, "fields": {"action_time": "2020-03-07T12:10:25.471Z", "user": 1, "content_type": 14, "object_id": "19", "object_repr": "\u041c\u043e\u0431\u0438\u043b\u044c\u043d\u044b\u0439 \u043f\u0440\u0438\u043d\u0442\u0435\u0440 LifePrint 2x3", "action_flag": 3, "change_message": ""}}, {"model": "admin.logentry", "pk": 37, "fields": {"action_time": "2020-03-07T12:10:25.475Z", "user": 1, "content_type": 14, "object_id": "18", "object_repr": "\u041c\u043e\u0431\u0438\u043b\u044c\u043d\u044b\u0439 \u043f\u0440\u0438\u043d\u0442\u0435\u0440 LifePrint 2x3", "action_flag": 3, "change_message": ""}}, {"model": "admin.logentry", "pk": 38, "fields": {"action_time": "2020-03-07T12:10:25.476Z", "user": 1, "content_type": 14, "object_id": "17", "object_repr": "MacBook Pro 16 /i7 2,6 GHz/16 Gb/512 Gb/Space Gray (MVVJ2R)", "action_flag": 3, "change_message": ""}}, {"model": "admin.logentry", "pk": 39, "fields": {"action_time": "2020-03-07T12:10:25.478Z", "user": 1, "content_type": 14, "object_id": "16", "object_repr": "MacBook Pro 16 /i7 2,6 GHz/16 Gb/512 Gb/Space Gray (MVVJ2R)", "action_flag": 3, "change_message": ""}}, {"model": "admin.logentry", "pk": 40, "fields": {"action_time": "2020-03-07T12:10:25.479Z", "user": 1, "content_type": 14, "object_id": "15", "object_repr": "MacBook Pro 16 /i7 2,6 GHz/16 Gb/512 Gb/Space Gray (MVVJ2R)", "action_flag": 3, "change_message": ""}}, {"model": "admin.logentry", "pk": 41, "fields": {"action_time": "2020-03-07T12:10:25.480Z", "user": 1, "content_type": 14, "object_id": "14", "object_repr": "MacBook Pro 16 /i7 2,6 GHz/16 Gb/512 Gb/Space Gray (MVVJ2R)", "action_flag": 3, "change_message": ""}}, {"model": "admin.logentry", "pk": 42, "fields": {"action_time": "2020-03-07T12:10:25.481Z", "user": 1, "content_type": 14, "object_id": "13", "object_repr": "MacBook Pro 16 /i7 2,6 GHz/16 Gb/512 Gb/Space Gray (MVVJ2R)", "action_flag": 3, "change_message": ""}}, {"model": "admin.logentry", "pk": 43, "fields": {"action_time": "2020-03-07T12:10:25.482Z", "user": 1, "content_type": 14, "object_id": "12", "object_repr": "Samsung Galaxy Z Flip \u0421\u0438\u044f\u044e\u0449\u0438\u0439 \u0410\u043c\u0435\u0442\u0438\u0441\u0442 256 Gb", "action_flag": 3, "change_message": ""}}, {"model": "admin.logentry", "pk": 44, "fields": {"action_time": "2020-03-07T12:10:25.484Z", "user": 1, "content_type": 14, "object_id": "11", "object_repr": "Samsung Galaxy Z Flip \u0421\u0438\u044f\u044e\u0449\u0438\u0439 \u0410\u043c\u0435\u0442\u0438\u0441\u0442 256 Gb", "action_flag": 3, "change_message": ""}}, {"model": "admin.logentry", "pk": 45, "fields": {"action_time": "2020-03-07T12:10:25.485Z", "user": 1, "content_type": 14, "object_id": "10", "object_repr": "Samsung Galaxy Z Flip \u0421\u0438\u044f\u044e\u0449\u0438\u0439 \u0410\u043c\u0435\u0442\u0438\u0441\u0442 256 Gb", "action_flag": 3, "change_message": ""}}, {"model": "admin.logentry", "pk": 46, "fields": {"action_time": "2020-03-07T12:10:25.486Z", "user": 1, "content_type": 14, "object_id": "9", "object_repr": "Samsung Galaxy Z Flip \u0421\u0438\u044f\u044e\u0449\u0438\u0439 \u0410\u043c\u0435\u0442\u0438\u0441\u0442 256 Gb", "action_flag": 3, "change_message": ""}}, {"model": "admin.logentry", "pk": 47, "fields": {"action_time": "2020-03-07T12:10:25.487Z", "user": 1, "content_type": 14, "object_id": "8", "object_repr": "\u041c\u043e\u0431\u0438\u043b\u044c\u043d\u044b\u0439 \u043f\u0440\u0438\u043d\u0442\u0435\u0440 LifePrint 2x3", "action_flag": 3, "change_message": ""}}, {"model": "admin.logentry", "pk": 48, "fields": {"action_time": "2020-03-07T12:10:25.488Z", "user": 1, "content_type": 14, "object_id": "7", "object_repr": "\u041c\u043e\u0431\u0438\u043b\u044c\u043d\u044b\u0439 \u043f\u0440\u0438\u043d\u0442\u0435\u0440 LifePrint 2x3", "action_flag": 3, "change_message": ""}}, {"model": "admin.logentry", "pk": 49, "fields": {"action_time": "2020-03-07T12:10:25.489Z", "user": 1, "content_type": 14, "object_id": "6", "object_repr": "\u041c\u043e\u0431\u0438\u043b\u044c\u043d\u044b\u0439 \u043f\u0440\u0438\u043d\u0442\u0435\u0440 LifePrint 2x3", "action_flag": 3, "change_message": ""}}, {"model": "admin.logentry", "pk": 50, "fields": {"action_time": "2020-03-07T12:10:25.490Z", "user": 1, "content_type": 14, "object_id": "5", "object_repr": "\u041c\u043e\u0431\u0438\u043b\u044c\u043d\u044b\u0439 \u043f\u0440\u0438\u043d\u0442\u0435\u0440 LifePrint 2x3", "action_flag": 3, "change_message": ""}}, {"model": "admin.logentry", "pk": 51, "fields": {"action_time": "2020-03-07T12:10:25.491Z", "user": 1, "content_type": 14, "object_id": "4", "object_repr": "\u041c\u043e\u0431\u0438\u043b\u044c\u043d\u044b\u0439 \u043f\u0440\u0438\u043d\u0442\u0435\u0440 LifePrint 2x3", "action_flag": 3, "change_message": ""}}, {"model": "admin.logentry", "pk": 52, "fields": {"action_time": "2020-03-07T12:10:25.492Z", "user": 1, "content_type": 14, "object_id": "3", "object_repr": "\u041c\u043e\u0431\u0438\u043b\u044c\u043d\u044b\u0439 \u043f\u0440\u0438\u043d\u0442\u0435\u0440 LifePrint 2x3", "action_flag": 3, "change_message": ""}}, {"model": "admin.logentry", "pk": 53, "fields": {"action_time": "2020-03-07T12:10:25.493Z", "user": 1, "content_type": 14, "object_id": "2", "object_repr": "\u041c\u043e\u0431\u0438\u043b\u044c\u043d\u044b\u0439 \u043f\u0440\u0438\u043d\u0442\u0435\u0440 LifePrint 2x3", "action_flag": 3, "change_message": ""}}, {"model": "admin.logentry", "pk": 54, "fields": {"action_time": "2020-03-07T12:10:25.494Z", "user": 1, "content_type": 14, "object_id": "1", "object_repr": "\u041c\u043e\u0431\u0438\u043b\u044c\u043d\u044b\u0439 \u043f\u0440\u0438\u043d\u0442\u0435\u0440 LifePrint 2x3", "action_flag": 3, "change_message": ""}}, {"model": "admin.logentry", "pk": 55, "fields": {"action_time": "2020-03-07T13:02:00.489Z", "user": 1, "content_type": 14, "object_id": "21", "object_repr": "MacBook Pro 16 /i7 2,6 GHz/16 Gb/512 Gb/Space Gray (MVVJ2R)", "action_flag": 3, "change_message": ""}}, {"model": "admin.logentry", "pk": 56, "fields": {"action_time": "2020-03-07T13:02:00.492Z", "user": 1, "content_type": 14, "object_id": "20", "object_repr": "MacBook Pro 16 /i7 2,6 GHz/16 Gb/512 Gb/Space Gray (MVVJ2R)", "action_flag": 3, "change_message": ""}}]